;title;product_url;source_url;description;tags;comment;upvote;product_name;short_description;company_url;tag;domain
0;Product Hunt;https://www.producthunt.com/products/producthunt;https://www.producthunt.com/leaderboard/daily/2013/11/27;Discover your next favorite thing ðŸ˜»;['iOS', 'Web App', 'Tech'];41.0;197;Product Hunt;The place to discover your next favorite thing;https://producthunt.com/?ref=producthunt;['Startup communities', 'Search'];producthunt.com
1;Blinkist;https://www.producthunt.com/products/blinkist;https://www.producthunt.com/leaderboard/daily/2013/11/27;Key insights from 2,000+ bestselling nonfiction books;['Android', 'iOS', 'Web App'];19.0;192;Blinkist;Key insights from 6,000+ bestselling books;https://www.blinkist.com/?ref=producthunt;['Writing assistants', 'Online learning', 'Books'];blinkist.com
2;CoffeeMe;https://www.producthunt.com/products/coffeeme;https://www.producthunt.com/leaderboard/daily/2013/11/27;Tinder for Professional Networking;['Tech'];8.0;97;CoffeeMe;Tinder for Professional Networking;;[];nan
3;coub;https://www.producthunt.com/products/coub;https://www.producthunt.com/leaderboard/daily/2013/11/27;Lets you pair audio w/ short video for hilarious meme-effect;['iOS', 'iPad', 'Web App'];3.0;78;Coub;Coub â€” GIFs with sound. ;http://coub.com/?ref=producthunt;[];coub.com
4;Storyboard;https://www.producthunt.com/products/storyboard;https://www.producthunt.com/leaderboard/daily/2013/11/27;Press kit platform;['Tech'];4.0;65;Storyboard;Press kit platform;http://storyboard.me/?ref=producthunt;[];storyboard.me
5;Mindie;https://www.producthunt.com/products/mindie;https://www.producthunt.com/leaderboard/daily/2013/11/27;Create 7-Second Music Videos;['Tech'];8.0;105;Mindie;Create 7-Second Music Videos;http://mindie.co/?ref=producthunt;[];mindie.co
6;Refresh;https://www.producthunt.com/products/refresh;https://www.producthunt.com/leaderboard/daily/2013/11/27;Discover common ground for better conversations;['Tech'];7.0;98;Refresh;Discover common ground for better conversations;http://refresh.io/?ref=producthunt;[];refresh.io
7;Bonsai;https://www.producthunt.com/products/bonsai-2;https://www.producthunt.com/leaderboard/daily/2013/11/27;SMS-based daily reflection tool;['Tech'];4.0;71;Bonsai;SMS-based daily reflection tool;http://www.heybonsai.com/?ref=producthunt;[];heybonsai.com
8;Readmill;https://www.producthunt.com/products/readmill;https://www.producthunt.com/leaderboard/daily/2013/11/27;A beautiful e-book reader for iPhone, iPad and Android;['Tech'];1.0;69;Readmill;A beautiful e-book reader for iPhone, iPad and Android;https://readmill.com/?ref=producthunt;[];readmill.com
9;Console.fm;https://www.producthunt.com/products/console-fm;https://www.producthunt.com/leaderboard/daily/2013/11/27;Top 100 charts for electronic dance music;['Tech'];2.0;75;Console.fm;Top 100 charts for electronic dance music;http://console.fm/?ref=producthunt;[];console.fm
10;Exposure;https://www.producthunt.com/products/exposure;https://www.producthunt.com/leaderboard/daily/2013/11/27;Create Beautiful Photo Narratives;['Web App', 'Tech'];2.0;70;Exposure;Create ;https://exposure.so/?ref=producthunt;[];exposure.so
11;Bookd;https://www.producthunt.com/products/bookd;https://www.producthunt.com/leaderboard/daily/2013/11/27;Your booking storefront. Just rebuilt.;['Tech'];2.0;69;Bookd;Your booking storefront. Just rebuilt.;http://www.bookd.com/?ref=producthunt;[];bookd.com
12;Readtime ;https://www.producthunt.com/products/readtime;https://www.producthunt.com/leaderboard/daily/2013/11/27;Helps me get through my pocket;['Tech'];2.0;68;Readtime ;Helps me get through my pocket;http://www.readtimeapp.com/?ref=producthunt;[];readtimeapp.com
13;Hatch;https://www.producthunt.com/products/hatch-2;https://www.producthunt.com/leaderboard/daily/2013/11/27;The app that loves you back;['Tech'];2.0;78;Hatch;The app that loves you back;http://www.hatchpet.com/?ref=producthunt;[];hatchpet.com
14;React Messenger;https://www.producthunt.com/products/react-messenger;https://www.producthunt.com/leaderboard/daily/2013/11/27;Selfie Messenging;['Messaging', 'Tech'];5.0;72;React Messenger;Selfie Messenging;http://reactapp.com/?ref=producthunt;[];reactapp.com
15;UXPin;https://www.producthunt.com/products/uxpin;https://www.producthunt.com/leaderboard/daily/2013/11/28;Free design and prototyping tool for teams and professionals;['Design Tools', 'Prototyping'];9.0;120;UXPin;The full-stack UX design platform:;http://www.uxpin.com/?ref=producthunt;['Design & Creative', 'Wireframing', 'Interface design tools', 'Design mockups'];uxpin.com
16;Telescope;https://www.producthunt.com/products/telescope-2;https://www.producthunt.com/leaderboard/daily/2013/11/28;Open-source HN clone built with Meteor;['Tech'];5.0;106;Telescope;Open-source HN clone built with Meteor;http://telesc.pe/?ref=producthunt;[];telesc.pe
17;Cluster;https://www.producthunt.com/products/cluster-2;https://www.producthunt.com/leaderboard/daily/2013/11/28;Share and create photo albums with friends and family;['Android', 'iOS', 'Web App'];8.0;85;Cluster;Share and create photo albums with friends and family;http://getcluster.com/?ref=producthunt;[];getcluster.com
18;Thoughtback;https://www.producthunt.com/products/thoughtback;https://www.producthunt.com/leaderboard/daily/2013/11/28;Program your mind, one thought at a time;['Tech'];9.0;19;Thoughtback;Program your mind, one thought at a time;https://thoughtback.com/?ref=producthunt;[];thoughtback.com
19;OhLife;https://www.producthunt.com/products/ohlife;https://www.producthunt.com/leaderboard/daily/2013/11/28;Write in private about your life;['Tech'];8.0;82;OhLife;Write in private about your life;http://ohlife.com/?ref=producthunt;[];ohlife.com
20;Monocle;https://www.producthunt.com/products/monocle;https://www.producthunt.com/leaderboard/daily/2013/11/28;HN-like Community for Tech and Startups (now open source);['Tech'];2.0;13;Monocle;HN-like Community for Tech and Startups (now open source);http://monocle.io/?ref=producthunt;[];monocle.io
21;Lonenote;https://www.producthunt.com/products/lonenote;https://www.producthunt.com/leaderboard/daily/2013/11/28;PostSecret, reinvented as an iPhone app;['Tech'];1.0;56;Lonenote;PostSecret, reinvented as an iPhone app;http://lonenote.com/?ref=producthunt;[];lonenote.com
22;Captio;https://www.producthunt.com/products/captio;https://www.producthunt.com/leaderboard/daily/2013/11/29;Email yourself with one tap;['iOS', 'Tech'];13.0;93;Captio;Email yourself with one tap;http://tupil.com/captio?ref=producthunt;[];tupil.com
23;QuickCast;https://www.producthunt.com/products/quickcast;https://www.producthunt.com/leaderboard/daily/2013/11/29;3 Minute Screencasts;['Tech'];5.0;74;QuickCast;3 Minute Screencasts;http://quickcast.io/?ref=producthunt;[];quickcast.io
24;Just Porter;https://www.producthunt.com/products/just-porter;https://www.producthunt.com/leaderboard/daily/2013/11/29;Tom's shoes for Backpacks;['Tech'];1.0;7;Just Porter;Tom's shoes for Backpacks;http://www.kickstarter.com/projects/justporter/just-porter-reinventing-what-a-backpack-can-be?ref=producthunt;[];kickstarter.com
25;Honey;https://www.producthunt.com/products/honey;https://www.producthunt.com/leaderboard/daily/2013/11/30;Honey automatically applies the best coupon code at checkout;['Web App', 'Chrome Extensions', 'Tech'];33.0;236;Honey;Automatic coupons, promo codes, and deals;https://www.joinhoney.com/?ref=producthunt;['Chrome Extensions', 'Marketplace sites', 'Shopping'];joinhoney.com
26;Mogl;https://www.producthunt.com/products/mogl;https://www.producthunt.com/leaderboard/daily/2013/11/30;Fight hunger with hunger;['Tech'];5.0;75;;;;[];nan
27;Marvel;https://www.producthunt.com/products/marvel;https://www.producthunt.com/leaderboard/daily/2013/11/30;Create interactive prototypes from files in Dropbox;['Web App', 'Tech'];10.0;99;Marvel;Puts the power of design in everyone's hands.;https://marvelapp.com/?ref=producthunt;['Team collaboration software', 'Design & Creative', 'Interface design tools'];marvelapp.com
28;Sugarbox;https://www.producthunt.com/products/sugarbox;https://www.producthunt.com/leaderboard/daily/2013/11/30;Button for Real-Time Website Collaboration;['Tech'];4.0;65;Sugarbox;Button for Real-Time Website Collaboration;http://www.sugarbox.io/?ref=producthunt;[];sugarbox.io
29;Kiind;https://www.producthunt.com/products/kiind;https://www.producthunt.com/leaderboard/daily/2013/11/30;Pay-later digital gift platform;['Tech'];5.0;9;Kiind;Pay-later digital gift platform;https://www.kiind.me/?ref=producthunt;[];kiind.me
30;Agent;https://www.producthunt.com/products/agent;https://www.producthunt.com/leaderboard/daily/2013/11/30;Automate daily tasks on your Android device;['Tech'];4.0;8;Agent;Automate daily tasks on your Android device;http://tryagent.com/?ref=producthunt;[];tryagent.com
31;Ostrich Pillow;https://www.producthunt.com/products/ostrich-pillow;https://www.producthunt.com/leaderboard/daily/2013/12/1;Take a comfortable nap anywhere;['Tech'];3.0;83;Ostrich Pillow;Take a comfortable nap anywhere;http://www.kickstarter.com/projects/ostrich-pillow/ostrich-pillow?ref=producthunt;[];kickstarter.com
32;ForkFox;https://www.producthunt.com/products/forkfox;https://www.producthunt.com/leaderboard/daily/2013/12/1;Culinary tours of SF;['Tech'];0.0;52;ForkFox;Culinary tours of SF;http://forkfox.com/?ref=producthunt;[];forkfox.com
33;SnapBird;https://www.producthunt.com/products/snapbird;https://www.producthunt.com/leaderboard/daily/2013/12/1;Search beyond Twitterâ€™s history;['Productivity', 'Tech'];5.0;60;SnapBird;Search beyond Twitterâ€™s history;http://snapbird.org/?ref=producthunt;[];snapbird.org
34;Trello;https://www.producthunt.com/products/trello;https://www.producthunt.com/leaderboard/daily/2013/12/2;Powering millions of teams to work smarter, together;['Android', 'iOS', 'iPad'];129.0;644;Trello;Visual collaboration with a shared perspective on projects;http://trello.com/?ref=producthunt;['Project management software', 'Team collaboration software', 'Issue tracking software'];trello.com
35;Momentum;https://www.producthunt.com/products/momentum-3;https://www.producthunt.com/leaderboard/daily/2013/12/2;Replace your new tab page with focus goals;['Safari Extensions', 'Browser Extensions', 'Chrome Extensions'];30.0;198;Momentum;Personalized dashboard to eliminate distraction and inspire;http://momentumdash.com/?ref=producthunt;['Productivity', 'Calendar apps', 'Chrome Extensions'];momentumdash.com
36;Coffitivity;https://www.producthunt.com/products/coffitivity;https://www.producthunt.com/leaderboard/daily/2013/12/2;Drown out workplace chatter with the sounds of a coffeeshop;['Web App', 'Tech'];13.0;107;Coffitivity;Drown out workplace chatter with the sounds of a coffeeshop;http://coffitivity.com/?ref=producthunt;[];coffitivity.com
37;Draft;https://www.producthunt.com/products/draft;https://www.producthunt.com/leaderboard/daily/2013/12/2;GitHub for writing;['Productivity', 'Writing', 'Text Editors'];14.0;116;Draft;Write better with draft;https://draftin.com/?ref=producthunt;[];draftin.com
38;Karma;https://www.producthunt.com/products/karma-2;https://www.producthunt.com/leaderboard/daily/2013/12/2;social wifi;['Tech'];5.0;83;Karma;social wifi;https://yourkarma.com/?ref=producthunt;[];yourkarma.com
39;Delighted;https://www.producthunt.com/products/delighted;https://www.producthunt.com/leaderboard/daily/2013/12/2;Easy and beautiful NPS tracking;['Tech'];10.0;78;Delighted;The fastest way to gather actionable feedback from customers;https://delighted.com/?utm_source=product-hunt&utm_medium=tp-startups&utm_campaign=delighted-product-listing&utm_content=delighted-listing&ref=producthunt;['Customer support tools', 'Marketing & Sales', 'CRM software', 'Survey and form builders', 'Ecommerce'];delighted.com
40;BRCK;https://www.producthunt.com/products/brck;https://www.producthunt.com/leaderboard/daily/2013/12/2;The rugged wi-fi hotspot (that works in Africa);['Tech'];3.0;69;BRCK;The rugged wi-fi hotspot (that works in Africa);http://www.brck.com/?ref=producthunt;[];brck.com
41;Tame.it;https://www.producthunt.com/products/tame-it;https://www.producthunt.com/leaderboard/daily/2013/12/2;Trending links, hashtags, and people for those you follow;['Tech'];2.0;59;Tame.it;Trending links, hashtags, and people for those you follow;http://tame.it/?ref=producthunt;[];tame.it
42;OKDOTHIS;https://www.producthunt.com/products/okdothis;https://www.producthunt.com/leaderboard/daily/2013/12/2;Idea sharing for photographers;['Tech'];3.0;82;OKDOTHIS;Idea sharing for photographers;http://www.okdothis.com/?ref=producthunt;[];okdothis.com
43;Preceden;https://www.producthunt.com/products/preceden;https://www.producthunt.com/leaderboard/daily/2013/12/2;Make an amazing timeline in minutes;['Tech'];1.0;61;Preceden;Make an amazing timeline in minutes;http://www.preceden.com/?ref=producthunt;[];preceden.com
44;Slack;https://www.producthunt.com/products/slack;https://www.producthunt.com/leaderboard/daily/2013/12/3;Be less busy. Real-time messaging, archiving & search.;['Android', 'iOS', 'Mac'];288.0;1,657;Slack;Team communication and collaboration platform;https://slack.com/?ref=producthunt;['Team collaboration software', 'Messaging apps'];slack.com
45;Toggl;https://www.producthunt.com/products/toggl;https://www.producthunt.com/leaderboard/daily/2013/12/3;insanely simple free time tracking;['Android', 'iOS', 'Linux'];19.0;125;Toggl;Free Time Tracking Software;https://www.toggl.com/?ref=producthunt;['Productivity', 'Scheduling software', 'Time tracking apps', 'Remote workforce tools'];toggl.com
46;Calm;https://www.producthunt.com/products/calm;https://www.producthunt.com/leaderboard/daily/2013/12/3;Take a break and meditate.;['Android', 'iOS', 'Web App'];20.0;144;Calm; Find your calm;http://www.calm.com/?ref=producthunt;['Sleep apps', 'Meditation apps', 'Mental Health'];calm.com
47;Luna;https://www.producthunt.com/products/luna;https://www.producthunt.com/leaderboard/daily/2013/12/3;Delivers your packages when you're home for the night.;['iOS', 'Tech'];12.0;97;Luna;Delivers your packages when you're home for the night.;https://www.useluna.com/?ref=producthunt;[];useluna.com
48;Unroll.me;https://www.producthunt.com/products/unroll-me;https://www.producthunt.com/leaderboard/daily/2013/12/3;Clean up your inbox;['Tech'];11.0;101;Unroll.Me;Life is busy. Your inbox shouldn't be.;https://unroll.me/?ref=producthunt;['Email clients'];unroll.me
49;Sprig;https://www.producthunt.com/products/sprig-2;https://www.producthunt.com/leaderboard/daily/2013/12/3;Hand-crafted dinners on demand;['Health & Fitness', 'On-Demand', 'Tech'];9.0;173;Sprig;Hand-crafted dinners on demand;http://www.eatsprig.com/?ref=producthunt;[];eatsprig.com
50;Dash;https://www.producthunt.com/products/dash-3;https://www.producthunt.com/leaderboard/daily/2013/12/3;Learn to make awesome websites;['Web App', 'Education', 'Languages'];8.0;110;Dash;Learn to make awesome websites;https://dash.generalassemb.ly/?ref=producthunt;[];dash.generalassemb.ly
51;Context;https://www.producthunt.com/products/context;https://www.producthunt.com/leaderboard/daily/2013/12/3;fast visual texting;['Tech'];8.0;67;Context;fast visual texting;http://trycontext.com/?ref=producthunt;[];trycontext.com
52;Fetchntoes;https://www.producthunt.com/products/fetchntoes;https://www.producthunt.com/leaderboard/daily/2013/12/3;Organize and share your notes how you want.;['Tech'];5.0;64;Fetchntoes;Organize and share your notes how you want.;http://www.fetchnotes.com/?ref=producthunt#;[];fetchnotes.com
53;Superhuman.io;https://www.producthunt.com/products/superhuman-io;https://www.producthunt.com/leaderboard/daily/2013/12/3;Do everything, be everywhere;['Tech'];9.0;77;Superhuman.io;Do everything, be everywhere;http://superhuman.io/?ref=producthunt;[];superhuman.io
54;Dizzybees;https://www.producthunt.com/products/dizzybees;https://www.producthunt.com/leaderboard/daily/2013/12/3;Addictive ios game like candycrush. Smart monetization.;['Tech'];3.0;57;Dizzybees;Addictive ios game like candycrush. Smart monetization.;https://itunes.apple.com/us/app/dizzybeefree/id286575065?ref=producthunt;[];itunes.apple.com
55;Athos;https://www.producthunt.com/products/athos;https://www.producthunt.com/leaderboard/daily/2013/12/4;Wearable workout clothes that track your workouts;['Tech'];7.0;106;Athos;Wearable workout clothes that track your workouts;https://www.liveathos.com/?ref=producthunt;[];liveathos.com
56;Songdrop;https://www.producthunt.com/products/songdrop;https://www.producthunt.com/leaderboard/daily/2013/12/4;Pinterest for music;['Tech'];0.0;63;Songdrop;Pinterest for music;https://songdrop.com/charts/mixes?ref=producthunt;[];songdrop.com
57;Matter.io Remix;https://www.producthunt.com/products/matter-io-remix;https://www.producthunt.com/leaderboard/daily/2013/12/4;Make simple, fun changes to 3D model designs;['Tech'];6.0;60;Matter.io Remix;Make simple, fun changes to 3D model designs;http://matter.io/?ref=producthunt;[];matter.io
58;Pivvot;https://www.producthunt.com/products/pivvot;https://www.producthunt.com/leaderboard/daily/2013/12/4;A fun test of spatial awareness and reflexes (great game);['Tech'];5.0;56;Pivvot;A fun test of spatial awareness and reflexes (great game);http://wtrebella.com/portfolio/pivvot?ref=producthunt;[];wtrebella.com
59;Michron;https://www.producthunt.com/products/michron;https://www.producthunt.com/leaderboard/daily/2013/12/4;Timelapse Photography for Everyone;['Tech'];0.0;55;Michron;Timelapse for everyone;http://www.kickstarter.com/projects/vivolabs/michron-timelapse-for-everyone?ref=producthunt;[];kickstarter.com
60;CanOpener;https://www.producthunt.com/products/canopener;https://www.producthunt.com/leaderboard/daily/2013/12/4;Fine tune your headphones;['iOS', 'Music', 'Tech'];2.0;67;CanOpener;Fine tune your headphones;http://canopenerapp.com/?ref=producthunt;[];canopenerapp.com
61;StartupList;https://www.producthunt.com/products/startuplist;https://www.producthunt.com/leaderboard/daily/2013/12/4;Discover startups, gain early traction;['Tech'];6.0;88;StartupList;Discover startups, gain early traction;http://startupli.st/?ref=producthunt;[];startupli.st
62;WiseCash;https://www.producthunt.com/products/wisecash;https://www.producthunt.com/leaderboard/daily/2013/12/4;Master your cash-flow;['Tech'];2.0;58;WiseCash;Master your cash-flow;https://www.wisecashhq.com/?ref=producthunt;[];wisecashhq.com
63;StoryWorth;https://www.producthunt.com/products/storyworth;https://www.producthunt.com/leaderboard/daily/2013/12/4;Easily record family stories;['Tech'];9.0;77;Storyworth;The easiest way to document & discover beloved life stories;https://www.storyworth.com/?ref=producthunt;['Apps for kids', 'Books', 'Family Care'];storyworth.com
64;Boya;https://www.producthunt.com/products/boya;https://www.producthunt.com/leaderboard/daily/2013/12/4;One Sentence Snapblogging;['Tech'];3.0;71;Boya;One Sentence Snapblogging;http://boya.com/?ref=producthunt;[];boya.com
65;Beats Music;https://www.producthunt.com/products/beats-music;https://www.producthunt.com/leaderboard/daily/2013/12/4;Music Streaming Service Backed by Dr. Dre;['Tech'];5.0;60;Beats Music;Music Streaming Service Backed by Dr. Dre;https://beatsmusic.com/?ref=producthunt;[];beatsmusic.com
66;Colored Coins;https://www.producthunt.com/products/colored-coins;https://www.producthunt.com/leaderboard/daily/2013/12/4;Bitcoin Minting Protocol;['Tech'];0.0;58;Colored Coins;Bitcoin Minting Protocol;http://coloredcoins.org/?ref=producthunt;[];coloredcoins.org
67;Bench;https://www.producthunt.com/products/bench-accounting;https://www.producthunt.com/leaderboard/daily/2013/12/4;A new kind of accountant;['Tech'];3.0;118;Bench Accounting;Let us do your bookkeeping for you. ;https://bench.co/?ref=producthunt;[];bench.co
68;Noisli;https://www.producthunt.com/products/noisli;https://www.producthunt.com/leaderboard/daily/2013/12/5;Noise generator ideal for working and relaxing.;['iOS', 'iPad', 'Web App'];9.0;104;Noisli;Your digital place for focus.;https://www.noisli.com/?ref=producthunt;['Productivity', 'Meditation apps', 'Mental Health'];noisli.com
69;Washio;https://www.producthunt.com/products/washio;https://www.producthunt.com/leaderboard/daily/2013/12/5;Uber for Laundry and Dry Cleaning;['Android', 'iOS', 'iPad'];22.0;136;Washio;Uber for Laundry and Dry Cleaning;https://www.getwashio.com/?ref=producthunt;[];getwashio.com
70;Heyday;https://www.producthunt.com/products/hey-3;https://www.producthunt.com/leaderboard/daily/2013/12/5;Personal auto journal;['Tech'];21.0;140;Hey;"The easiest way to ask ""How are you?"" and mean it.";http://www.tryhey.com/?ref=producthunt;[];tryhey.com
71;App.IO;https://www.producthunt.com/products/addapp-2-0;https://www.producthunt.com/leaderboard/daily/2013/12/5;Share your iPhone and iPad apps in any browser;['Tech'];3.0;68;AddApp 2.0;Track health data and get personalized insights daily;https://addapp.io/?ref=producthunt;[];addapp.io
72;Hurlin' Mike;https://www.producthunt.com/products/hurlin-mike;https://www.producthunt.com/leaderboard/daily/2013/12/5;Take all of your whiteboard photos & transcribe them.;['Tech'];6.0;59;Hurlin' Mike;Take all of your whiteboard photos & transcribe them.;http://hurlinmike.com/?ref=producthunt;[];hurlinmike.com
73;Voicestorm;https://www.producthunt.com/products/voicestorm;https://www.producthunt.com/leaderboard/daily/2013/12/5;Gets your company to amplify news together;['Tech'];4.0;82;Voicestorm;Gets your company to amplify news together;http://voicestorm.com/?ref=producthunt;[];voicestorm.com
74;Marco Polo;https://www.producthunt.com/products/marco-polo-2;https://www.producthunt.com/leaderboard/daily/2013/12/5;SnapChat for your location;['Tech'];1.0;56;Marco Polo;SnapChat for your location;;[];nan
75;Offline Mag;https://www.producthunt.com/products/offline-mag;https://www.producthunt.com/leaderboard/daily/2013/12/5;Mobile Magazine with Full Audio;['Tech'];5.0;56;Offline Mag;Mobile Magazine with Full Audio;http://offline-mag.com/?ref=producthunt;[];offline-mag.com
76;Kwote;https://www.producthunt.com/products/kwote;https://www.producthunt.com/leaderboard/daily/2013/12/5;Beautiful quotes from the Iddiction team;['Tech'];3.0;55;Kwote;Beautiful quotes from the Iddiction team;http://www.iddiction.com/kwote?ref=producthunt;[];iddiction.com
77;Watchsend;https://www.producthunt.com/products/watchsend;https://www.producthunt.com/leaderboard/daily/2013/12/5;Video recordings of users' interactions for your iOS app;['Tech'];1.0;62;Watchsend;Video recordings of users' interactions for your iOS app;http://watchsend.com/?ref=producthunt;[];watchsend.com
78;Canva;https://www.producthunt.com/products/canva;https://www.producthunt.com/leaderboard/daily/2013/12/6;Amazingly simple graphic design;['iOS', 'iPad', 'Web App'];77.0;300;Canva;Amazingly simple graphic design;https://canva.com/?ref=producthunt;['Presentation Software'];canva.com
79;Lob;https://www.producthunt.com/products/lob;https://www.producthunt.com/leaderboard/daily/2013/12/6;Programmatically send physical mail and verify addresses;['Web App', 'API', 'Marketing'];4.0;85;Lob;Programmatically send physical mail and verify addresses;https://www.lob.com/?ref=producthunt;[];lob.com
80;Pressroom;https://www.producthunt.com/products/pressroom;https://www.producthunt.com/leaderboard/daily/2013/12/6;Create your press page in minutes;['Public Relations', 'Tech'];9.0;85;Pressroom;Create your press page in minutes;;[];nan
81;BottlesTonight;https://www.producthunt.com/products/bottlestonight;https://www.producthunt.com/leaderboard/daily/2013/12/6;HotelsTonight for Bottle Service;['Tech'];19.0;79;BottlesTonight;HotelsTonight for Bottle Service;http://www.bottlestonightapp.com/?ref=producthunt;[];bottlestonightapp.com
82;Selfieclub;https://www.producthunt.com/products/selfieclub;https://www.producthunt.com/leaderboard/daily/2013/12/6;Have fun taking Selfies, No adults allowed!;['Tech'];3.0;58;Selfieclub;Have fun taking Selfies, No adults allowed!;http://selfieclubapp.com/?ref=producthunt;[];selfieclubapp.com
83;Safe;https://www.producthunt.com/products/yc;https://www.producthunt.com/leaderboard/daily/2013/12/6;Convertible debt, without the debt;['Tech'];10.0;84;Y Combinator;Make something people want.;http://ycombinator.com/?ref=producthunt;['Startup communities', 'Fundraising resources'];ycombinator.com
84;Locket;https://www.producthunt.com/products/locket;https://www.producthunt.com/leaderboard/daily/2013/12/6;Lock Screen Ads on Android â€” Get paid to unlock your phone;['Tech'];2.0;62;Locket;Lock Screen Ads on Android â€” Get paid to unlock your phone;http://getlocket.com/?ref=producthunt;[];getlocket.com
85;Lighthouse;https://www.producthunt.com/products/lighthouse;https://www.producthunt.com/leaderboard/daily/2013/12/6;A hacker news for community builders.;['Tech'];4.0;68;Lighthouse;A hacker news for community builders.;http://lighthouse.io/?ref=producthunt;['Social & Community', 'Community management', 'News'];lighthouse.io
86;Upbeat;https://www.producthunt.com/products/upbeat;https://www.producthunt.com/leaderboard/daily/2013/12/6;The Reddit of music.;['Tech'];5.0;62;Upbeat;The Reddit of music.;https://www.upbeatapp.com/?ref=producthunt;[];upbeatapp.com
87;Totemapp;https://www.producthunt.com/products/totemapp;https://www.producthunt.com/leaderboard/daily/2013/12/6;Build a great press page right now;['Tech'];4.0;56;Totemapp;Build a great press page right now;http://www.totemapp.com/?ref=producthunt;[];totemapp.com
88;Airchat;https://www.producthunt.com/products/airchat;https://www.producthunt.com/leaderboard/daily/2013/12/6;Location-based chatting with group controls;['Tech'];2.0;56;Airchat;Instant Chat Groups wherever you are;http://airch.at/?ref=producthunt;[];airch.at
89;Skulpt Aim;https://www.producthunt.com/products/skulpt-aim;https://www.producthunt.com/leaderboard/daily/2013/12/6;Innovative device for measuring body composition;['Tech'];1.0;67;Skulpt Aim;Innovative device for measuring body composition;http://www.skulpt.me/?ref=producthunt;[];skulpt.me
90;Fiverr;https://www.producthunt.com/products/fiverr;https://www.producthunt.com/leaderboard/daily/2013/12/7;Graphics, marketing, fun, and more online services for $5;['Productivity', 'Tech'];6.0;113;Fiverr;Freelance services. On demand. ;http://fiverr.com/?ref=producthunt;['Hiring software', 'Marketplace sites'];fiverr.com
91;Coin;https://www.producthunt.com/products/coin;https://www.producthunt.com/leaderboard/daily/2013/12/7;The one card to replace every other card;['Tech'];13.0;129;Coin;The one card to replace every other card;;[];nan
92;Lead Genius;https://www.producthunt.com/products/lead-genius;https://www.producthunt.com/leaderboard/daily/2013/12/7;Customer acquisition as a service;['Marketing', 'Tech'];4.0;107;Lead Genius;Customer acquisition as a service;https://leadgeni.us/?ref=producthunt;['Customer support tools', 'Marketing automation platforms', 'Lead generation software'];leadgeni.us
93;Touchcast;https://www.producthunt.com/products/touchcast;https://www.producthunt.com/leaderboard/daily/2013/12/7;Experience the web inside a video;['Tech'];4.0;62;Touchcast;Experience the web inside a video;http://www.touchcast.com/?ref=producthunt;[];touchcast.com
94;Personal Capital;https://www.producthunt.com/products/personal-capital;https://www.producthunt.com/leaderboard/daily/2013/12/7;All your accounts, All in one place.;['Tech'];3.0;113;Personal Capital;Digital Wealth Management and Free Personal Finance Tools. ;https://www.personalcapital.com/?ref=producthunt;[];personalcapital.com
95;GifPop;https://www.producthunt.com/products/gifpop;https://www.producthunt.com/leaderboard/daily/2013/12/7;A tool to make custom cards from animated gifs;['Tech'];3.0;68;GifPop;A tool to make custom cards from animated gifs;http://gifpop.io/?ref=producthunt;[];gifpop.io
96;Zeega;https://www.producthunt.com/products/zeega;https://www.producthunt.com/leaderboard/daily/2013/12/7;Easiest way to create and share interactive videos;['Tech'];2.0;60;Zeega;Easiest way to create and share interactive videos;http://zeega.com/?ref=producthunt;[];zeega.com
97;Wood Cut Maps;https://www.producthunt.com/products/wood-cut-maps;https://www.producthunt.com/leaderboard/daily/2013/12/7;Handcrafted wood-inlay maps, designed by you.;['Tech'];4.0;84;Wood Cut Maps;Handcrafted wood-inlay maps, designed by you.;https://woodcutmaps.com/?ref=producthunt;[];woodcutmaps.com
98;TalkTo;https://www.producthunt.com/products/talkto;https://www.producthunt.com/leaderboard/daily/2013/12/7;Never Make Another Phone Call, Text Message Businesses;['Tech'];2.0;65;TalkTo;Never Make Another Phone Call, Text Message Businesses;http://talkto.com/?ref=producthunt;[];talkto.com
99;Umano;https://www.producthunt.com/products/umano;https://www.producthunt.com/leaderboard/daily/2013/12/8;Interesting articles read to you by real people;['Tech'];26.0;116;Umano;Interesting articles read to you by real people;http://umanoapp.com/?ref=producthunt;[];umanoapp.com
100;Skedadel;https://www.producthunt.com/products/skedadel;https://www.producthunt.com/leaderboard/daily/2013/12/8;Discover the perfect places to go through Instagram moments.;['Tech'];4.0;62;Skedadel;Discover the perfect places to go through Instagram moments.;http://skedadel.com/?ref=producthunt;[];skedadel.com
101;Paprika.sh;https://www.producthunt.com/products/paprika-sh;https://www.producthunt.com/leaderboard/daily/2013/12/8;A platform to build & share your brand.;['Tech'];1.0;70;Paprika.sh;A platform to build & share your brand.;http://paprika.sh/?ref=producthunt;[];paprika.sh
102;TIME Planner;https://www.producthunt.com/products/time-planner;https://www.producthunt.com/leaderboard/daily/2013/12/8;Todo list meets calendar;['Tech'];12.0;74;TIME Planner;Todo list meets calendar;http://timeplannerapp.com/?ref=producthunt;[];timeplannerapp.com
103;Musio;https://www.producthunt.com/products/musio;https://www.producthunt.com/leaderboard/daily/2013/12/8;A new take on the iOS music player;['Tech'];0.0;57;Musio;A new take on the iOS music player;http://musioapp.co/?ref=producthunt;[];musioapp.co
104;Sketch;https://www.producthunt.com/products/sketch;https://www.producthunt.com/leaderboard/daily/2013/12/9;Vector only UI design;['Tech'];10.0;106;Sketch;Everything you need to design, collab, prototype and handoff;https://sketch.com/?ref=producthunt;['Interface design tools', 'Graphic design tools', 'Design mockups'];sketch.com
105;theSkimm;https://www.producthunt.com/products/theskimm;https://www.producthunt.com/leaderboard/daily/2013/12/9;Daily summary of current events in your inbox;['Tech'];7.0;106;theSkimm;Making it easier to live smart;http://theskimm.com/?ref=producthunt;['Apps for kids', 'News'];theskimm.com
106;Assembly;https://www.producthunt.com/products/assembly;https://www.producthunt.com/leaderboard/daily/2013/12/9;Quirky for Software;['Web App', 'Tech'];14.0;109;Assembly;Quirky for Software;;[];nan
107;BloomThat;https://www.producthunt.com/products/bloomthat;https://www.producthunt.com/leaderboard/daily/2013/12/9;Ridiculously fast flowers;['Tech'];4.0;90;BloomThat;Ridiculously fast flowers;http://www.bloomthat.com/?ref=producthunt;[];bloomthat.com
108;Picatic;https://www.producthunt.com/products/picatic;https://www.producthunt.com/leaderboard/daily/2013/12/9;A powerful registration platform for event organizers.;['Web App', 'Events', 'API'];5.0;134;Picatic;A powerful registration platform for event organizers.;https://www.picatic.com/?ref=producthunt;['Event software'];picatic.com
109;A+;https://www.producthunt.com/products/a;https://www.producthunt.com/leaderboard/daily/2013/12/9;Discover the Best Products;['Tech'];4.0;75;A+;Discover the Best Products;https://aplus.com/?ref=producthunt;[];aplus.com
110;Cage;https://www.producthunt.com/products/cage;https://www.producthunt.com/leaderboard/daily/2013/12/9;Collaboration just got a whole lot easier.;['Tech'];3.0;58;Cage;Collaborate better, Celebrate sooner. ;http://www.cageapp.com/?ref=producthunt;[];cageapp.com
111;Codecademy App;https://www.producthunt.com/products/codecademy-app;https://www.producthunt.com/leaderboard/daily/2013/12/9;Learn to code on  your iPhone;['Tech'];7.0;79;Codecademy App;Learn to code on  your iPhone;https://itunes.apple.com/us/app/codecademy-hour-of-code/id762950096?ls=1&mt=8&ref=producthunt;[];itunes.apple.com
112;Zesty;https://www.producthunt.com/products/zesty;https://www.producthunt.com/leaderboard/daily/2013/12/9;Healthy food takeout and delivery app;['Tech'];3.0;108;Zesty;Healthy food takeout and delivery app;http://www.zestyapp.com/?ref=producthunt;[];zestyapp.com
113;Figure1;https://www.producthunt.com/products/figure1;https://www.producthunt.com/leaderboard/daily/2013/12/9;Free, safe photo sharing for healthcare professionals;['Tech'];0.0;80;Figure1;Free, safe photo sharing for healthcare professionals;http://figure1.com/?ref=producthunt;[];figure1.com
114;Blippy;https://www.producthunt.com/products/blippy;https://www.producthunt.com/leaderboard/daily/2013/12/9;Create visual messages;['Tech'];5.0;57;Blippy;Create visual messages;http://blippy.com/?ref=producthunt;[];blippy.com
115;Renderly;https://www.producthunt.com/products/renderly;https://www.producthunt.com/leaderboard/daily/2013/12/9;Photoshop plugin that auto-exports design changes;['Tech'];1.0;55;Renderly;Photoshop plugin that auto-exports design changes;http://render.ly/?ref=producthunt;[];render.ly
116;Typeform;https://www.producthunt.com/products/typeform;https://www.producthunt.com/leaderboard/daily/2013/12/10;Typeform makes asking questions easy, human & beautiful;['Web App', 'User Experience', 'Tech'];9.0;266;Typeform;People-friendly forms and surveys;https://typeform.com/?ref=producthunt;['Survey and form builders'];typeform.com
117;Sqwiggle;https://www.producthunt.com/products/sqwiggle;https://www.producthunt.com/leaderboard/daily/2013/12/10;24/7 Video Chat for Remote Teams;['Tech'];16.0;192;Sqwiggle;24/7 Video Chat for Remote Teams;http://sqwiggle.com/?ref=producthunt;[];sqwiggle.com
118;VSCO Cam;https://www.producthunt.com/products/vsco;https://www.producthunt.com/leaderboard/daily/2013/12/10;The standard in mobile photography;['Tech'];6.0;105;VSCO;Photo editing tools and a community for creators, by creators;http://www.vsco.co/?ref=producthunt;['Photo editing', 'Camera apps', 'Mobile editing apps', 'Social & Community', 'Photo sharing'];vsco.co
119;Gibbon;https://www.producthunt.com/products/gibbon;https://www.producthunt.com/leaderboard/daily/2013/12/10;Playlists for learning;['Tech'];16.0;103;Gibbon;Playlists for learning;https://gibbon.co/?ref=producthunt;['Online learning'];gibbon.co
120;Giphy;https://www.producthunt.com/products/giphy;https://www.producthunt.com/leaderboard/daily/2013/12/10;Search animated GIFs on the web;['Web App', 'Tech'];10.0;114;GIPHY;The home of gifs ;http://giphy.com/?ref=producthunt;['Social Networking', 'Photo sharing'];giphy.com
121;Doctor on Demand;https://www.producthunt.com/products/doctor-on-demand;https://www.producthunt.com/leaderboard/daily/2013/12/10;On demand video chat with licensed doctors;['Tech'];1.0;75;Doctor On Demand;On demand video chat with licensed doctors;http://www.doctorondemand.com/?ref=producthunt;[];doctorondemand.com
122;Apiary;https://www.producthunt.com/products/apiary;https://www.producthunt.com/leaderboard/daily/2013/12/10;Blueprint for API Development;['Tech'];3.0;79;Apiary;Blueprint for API Development;http://www.apiary.io/?ref=producthunt;[];apiary.io
123;Liberio;https://www.producthunt.com/products/liberio;https://www.producthunt.com/leaderboard/daily/2013/12/10;One click eBook publishing from Google Drive (pre-launch);['Tech'];4.0;86;Liberio;One click eBook publishing from Google Drive (pre-launch);http://liber.io/?ref=producthunt;[];liber.io
124;Friendlibs;https://www.producthunt.com/products/friendlibs;https://www.producthunt.com/leaderboard/daily/2013/12/10;Make your own ad lib listicles about your friends;['Tech'];3.0;55;Friendlibs;Make your own ad lib listicles about your friends;http://www.friendlibs.com/?ref=producthunt;[];friendlibs.com
125;Poll Everywhere;https://www.producthunt.com/products/poll-everywhere;https://www.producthunt.com/leaderboard/daily/2013/12/10;Live interactive audience participation;['Events', 'Education', 'SaaS'];1.0;63;Poll Everywhere;Host interactive online meetings;https://www.polleverywhere.com/?ref=producthunt;['Presentation Software', 'Meeting software'];polleverywhere.com
126;Mixture;https://www.producthunt.com/products/mixture;https://www.producthunt.com/leaderboard/daily/2013/12/10;Frontend development tools made easy;['Tech'];2.0;72;;;;[];nan
127;Blue Goji;https://www.producthunt.com/products/blue-goji;https://www.producthunt.com/leaderboard/daily/2013/12/10;Gamified Exercise Equipment;['Tech'];10.0;61;Blue Goji;Gamified Exercise Equipment;http://bluegoji.com/?ref=producthunt;[];bluegoji.com
128;Tinybop;https://www.producthunt.com/products/tinybop;https://www.producthunt.com/leaderboard/daily/2013/12/10;Toys for Tomorrow;['Tech'];1.0;59;Tinybop;Toys for Tomorrow;http://www.tinybop.com/?ref=producthunt;[];tinybop.com
129;Put.io;https://www.producthunt.com/products/put-io;https://www.producthunt.com/leaderboard/daily/2013/12/11;Download all the things!;['Tech'];24.0;145;put.io;The cloud storage service with a certain gravity;;;nan
130;;https://put.io/?ref=producthunt;['File storage and sharing apps';" 'Cloud Computing Platforms']""";;;;;;;;nan
131;Gumroad;https://www.producthunt.com/products/gumroad;https://www.producthunt.com/leaderboard/daily/2013/12/11;Sell anything directly to anyone.;['Tech'];7.0;160;Gumroad;Gumroad helps creators do more of what they love.;https://gumroad.com/?ref=producthunt;['Ecommerce platforms', 'Online learning', 'Design resources'];gumroad.com
132;Openbeta;https://www.producthunt.com/products/openbeta;https://www.producthunt.com/leaderboard/daily/2013/12/11;help betaworks test products early;['Tech'];18.0;83;Openbeta;help betaworks test products early;http://betaworks.com/openbeta?ref=producthunt;[];betaworks.com
133;Distiller;https://www.producthunt.com/products/distiller;https://www.producthunt.com/leaderboard/daily/2013/12/11;Your personal whiskey recommendation engine;['Drinking', 'Tech'];6.0;77;Distiller;Your personal whiskey recommendation engine;https://drinkdistiller.com/?ref=producthunt;[];drinkdistiller.com
134;Leo;https://www.producthunt.com/products/leo;https://www.producthunt.com/leaderboard/daily/2013/12/11;Lightweight Snapchat;['Tech'];11.0;67;Leo;Lightweight Snapchat;https://www.getleoapp.com/?ref=producthunt;[];getleoapp.com
135;Anomo;https://www.producthunt.com/products/anomo;https://www.producthunt.com/leaderboard/daily/2013/12/11;Anonymous Social Network;['Tech'];2.0;59;Anomo;Anonymous Social Network;http://www.anomo.com/?ref=producthunt;[];anomo.com
136;Snake Next;https://www.producthunt.com/products/snake-next;https://www.producthunt.com/leaderboard/daily/2013/12/11;Nokia's Snake reinvented;['Tech'];1.0;65;Snake Next;Nokia's Snake reinvented;http://www.snakenext.com/?ref=producthunt;[];snakenext.com
137;Chronos ;https://www.producthunt.com/products/chronos;https://www.producthunt.com/leaderboard/daily/2013/12/11;Find your time;['Tech'];3.0;57;Chronos ;Find your time;http://www.getchronos.com/?ref=producthunt;[];getchronos.com
138;Full;https://www.producthunt.com/products/full;https://www.producthunt.com/leaderboard/daily/2013/12/11;Track, measure and visualize what's important to you.;['Tech'];4.0;77;Full;Track, measure and visualize what's important to you.;;[];nan
139;SunnyComb;https://www.producthunt.com/products/sunnycomb;https://www.producthunt.com/leaderboard/daily/2013/12/11; Sunnycomb is a social weather app ;['Tech'];6.0;57;SunnyComb; Sunnycomb is a social weather app ;https://itunes.apple.com/us/app/sunnycomb/id715337401?mt=8&ref=producthunt;[];itunes.apple.com
140;Intercom;https://www.producthunt.com/products/intercom;https://www.producthunt.com/leaderboard/daily/2013/12/12;Communicate personally with every single customer.;['Android', 'iOS', 'iPad'];43.0;291;Intercom;The best AI Agent and AI-first Customer Service Platform;http://www.intercom.com/?ref=producthunt;['Customer support tools', 'AI Voice Agents'];intercom.com
141;Shyp;https://www.producthunt.com/products/shyp;https://www.producthunt.com/leaderboard/daily/2013/12/12;The easiest way to ship your stuff;['Delivery', 'Tech'];12.0;101;Shyp;The easiest way to ship your stuff;https://www.shyp.com/?ref=producthunt;['Ecommerce platforms'];shyp.com
142;Plug;https://www.producthunt.com/products/plug;https://www.producthunt.com/leaderboard/daily/2013/12/12;Lightweight OSX player for Hype Machine;['Mac', 'Tech'];5.0;87;Plug;Discover and listen to music;https://www.plugformac.com/?ref=producthunt;['Social Networking', 'News'];plugformac.com
143;Newsle;https://www.producthunt.com/products/newsle;https://www.producthunt.com/leaderboard/daily/2013/12/12;News about your network;['Tech'];5.0;91;Newsle;News about your network;http://newsle.com/?ref=producthunt;[];newsle.com
144;Coinbase;https://www.producthunt.com/products/coinbase;https://www.producthunt.com/leaderboard/daily/2013/12/12;digital wallet to buy, use, and accept bitcoin;['Tech'];18.0;92;Coinbase;The easiest place to buy and sell crypto;http://www.coinbase.com/?ref=producthunt;['Crypto wallets', 'Crypto exchanges', 'Investing'];coinbase.com
145;Quarterly;https://www.producthunt.com/products/quarterly;https://www.producthunt.com/leaderboard/daily/2013/12/12;Curated packages from people you care about;['Tech'];1.0;65;Quarterly;Curated packages from people you care about;http://quarterly.co/?ref=producthunt;[];quarterly.co
146;Jauntful;https://www.producthunt.com/products/jauntful;https://www.producthunt.com/leaderboard/daily/2013/12/12;Create shareable, printable guides to cities;['Tech'];8.0;72;Jauntful;Create shareable, printable guides to cities;https://jauntful.com/?ref=producthunt;[];jauntful.com
147;Ins and outs;https://www.producthunt.com/products/ins-and-outs;https://www.producthunt.com/leaderboard/daily/2013/12/12;A simple activity tracker for your newborn;['Tech'];3.0;57;Ins and outs;A simple activity tracker for your newborn;http://insandoutsapp.com/?ref=producthunt;[];insandoutsapp.com
148;Brace;https://www.producthunt.com/products/brace;https://www.producthunt.com/leaderboard/daily/2013/12/12;Host static sites on dropbox;['Tech'];0.0;65;Brace;Host static sites on dropbox;http://brace.io/?ref=producthunt;[];brace.io
149;Recite;https://www.producthunt.com/products/recite;https://www.producthunt.com/leaderboard/daily/2013/12/12;Turn a Quote into a Masterpiece;['Tech'];2.0;79;Recite;Turn a Quote into a Masterpiece;http://www.recitethis.com/?ref=producthunt;[];recitethis.com
150;Google Sheets;https://www.producthunt.com/products/dragondrop;https://www.producthunt.com/leaderboard/daily/2013/12/12;Excel in the cloud;['Tech'];4.0;84;DragonDrop;Essential improvement to drag and dropping on your Mac;https://shinyplasticbag.com/dragondrop?ref=producthunt;[];shinyplasticbag.com
151;Highlight 2.0;https://www.producthunt.com/products/highlight-2-0;https://www.producthunt.com/leaderboard/daily/2013/12/12;Find friends and new people nearby;['Tech'];4.0;78;Highlight 2.0;Find friends and new people nearby;http://highlig.ht/?ref=producthunt;[];highlig.ht
152;ClientFlow;https://www.producthunt.com/products/clientflow;https://www.producthunt.com/leaderboard/daily/2013/12/12;Manage your client relationships;['Tech'];5.0;76;ClientFlow;Shared Inbox and Project management software.;http://clientflow.com/?ref=producthunt;[];clientflow.com
153;Duo;https://www.producthunt.com/products/duo;https://www.producthunt.com/leaderboard/daily/2013/12/12;Dual-paned web browser for responsive web design.;['Tech'];1.0;72;Duo;Dual-paned web browser for responsive web design.;https://itunes.apple.com/us/app/duo/id777886035?mt=12&ref=producthunt;[];itunes.apple.com
154;Brewster;https://www.producthunt.com/products/brewster;https://www.producthunt.com/leaderboard/daily/2013/12/12;Your social address book.;['Tech'];1.0;82;Brewster;Your social address book.;https://www.brewster.com/?ref=producthunt;[];brewster.com
155;Cozymeal;https://www.producthunt.com/products/cozymeal;https://www.producthunt.com/leaderboard/daily/2013/12/12;Eat or host great home cooked meals;['Tech'];5.0;58;Cozymeal;Eat or host great home cooked meals;http://cozymeal.com/?ref=producthunt;[];cozymeal.com
156;Connect;https://www.producthunt.com/products/myplace-connect;https://www.producthunt.com/leaderboard/daily/2013/12/12;"""Find Friends"" for all of your networks";['Tech'];1.0;57;MyPlace Connect;Turn your WiFi into a Marketing Machine;https://myplaceconnect.com/?ref=producthunt;[];myplaceconnect.com
157;HandUp;https://www.producthunt.com/products/handup;https://www.producthunt.com/leaderboard/daily/2013/12/13;Direct giving to SF's homeless for the things they need.;['Tech'];3.0;83;HandUp;Direct giving to SF's homeless for the things they need.;https://handup.us/?ref=producthunt;[];handup.us
158;Tuft & Needle;https://www.producthunt.com/products/tuft-needle;https://www.producthunt.com/leaderboard/daily/2013/12/13;Sleep on an honestly crafted bed at a fair price;['Tech'];16.0;89;Tuft & Needle;Sleep on an honestly crafted bed at a fair price;https://www.tuftandneedle.com/?ref=producthunt;[];tuftandneedle.com
159;Fitstar;https://www.producthunt.com/products/fitstar;https://www.producthunt.com/leaderboard/daily/2013/12/13;Fitness app - previously on the iPad only, now on iPhones;['Tech'];3.0;68;Fitstar;Fitness app - previously on the iPad only, now on iPhones;http://fitstar.com/?ref=producthunt;[];fitstar.com
160;Inc;https://www.producthunt.com/products/inc;https://www.producthunt.com/leaderboard/daily/2013/12/13;Share links, notes and files in one place.;['Tech'];5.0;71;Inc;Share links, notes and files in one place.;;[];nan
161;(naow);https://www.producthunt.com/products/naow;https://www.producthunt.com/leaderboard/daily/2013/12/13;Ask anything, to anyone nearby;['Tech'];4.0;66;(naow);Ask anything, to anyone nearby;http://naow.com/?ref=producthunt;[];naow.com
162;Jackpocket;https://www.producthunt.com/products/jackpocket;https://www.producthunt.com/leaderboard/daily/2013/12/13;Mobile App for Playing Lotto;['Tech'];3.0;63;Jackpocket;Meet your lucky numbers.;http://jackpocket.com/?ref=producthunt;[];jackpocket.com
163;Gabaway;https://www.producthunt.com/products/gabaway;https://www.producthunt.com/leaderboard/daily/2013/12/13;Animated avatar conversations;['Tech'];5.0;58;Gabaway;Animated avatar conversations;http://gabawayapp.com/?ref=producthunt;[];gabawayapp.com
164;MailParser;https://www.producthunt.com/products/mailparser;https://www.producthunt.com/leaderboard/daily/2013/12/14;Extract data from e-mails. Automate your business.;['Web App', 'Tech'];2.0;76;MailParser;Extract data from e-mails. Automate your business.;https://mailparser.io/?utm_campaign=ph2016&ref=producthunt;['Email clients', 'Automation tools'];mailparser.io
165;dataSTICKIES;https://www.producthunt.com/products/datastickies;https://www.producthunt.com/leaderboard/daily/2013/12/14;Graphene-based flash drives that may replace USB sticks;['Tech'];3.0;74;dataSTICKIES;Graphene-based flash drives that may replace USB sticks;http://datastickies.com/?ref=producthunt;[];datastickies.com
166;Quibb;https://www.producthunt.com/products/quibb;https://www.producthunt.com/leaderboard/daily/2013/12/14;Professional network to share industry news and analysis;['Tech'];14.0;91;Quibb;Professional network to share industry news and analysis;;[];nan
167;Bubbli;https://www.producthunt.com/products/bubbli;https://www.producthunt.com/leaderboard/daily/2013/12/14;Dynamic Spherical Photos;['Tech'];5.0;61;Bubbli;Dynamic Spherical Photos;http://bubb.li/?ref=producthunt;[];bubb.li
168;Robinhood;https://www.producthunt.com/products/robinhood;https://www.producthunt.com/leaderboard/daily/2013/12/14;$0 comission stock brokerage;['Tech'];11.0;175;Robinhood;Investing for everyone;http://robinhood.com/?ref=producthunt;['Crypto exchanges', 'Stock trading platforms', 'Investing'];robinhood.com
169;Clouddock;https://www.producthunt.com/products/clouddock;https://www.producthunt.com/leaderboard/daily/2013/12/14;Automatically store files to cloud service of your choice;['Tech'];1.0;59;Clouddock;Automatically store files to cloud service of your choice;https://clouddock.co/?ref=producthunt;[];clouddock.co
170;Dovetail;https://www.producthunt.com/products/dovetail-2;https://www.producthunt.com/leaderboard/daily/2013/12/14;Simple coworking space management software.;['Tech'];10.0;62;Dovetail;Simple coworking space management software.;http://dovetail.io/?ref=producthunt;[];dovetail.io
171;Domainr;https://www.producthunt.com/products/domainr;https://www.producthunt.com/leaderboard/daily/2013/12/15;Worldwide domain search;['Developer Tools', 'Tech'];7.0;130;Domainr;The fastest way to find a relevant domain for your project.;https://domainr.com/?ref=producthunt;[];domainr.com
172;Draw.io;https://www.producthunt.com/products/draw-io;https://www.producthunt.com/leaderboard/daily/2013/12/15;Create and share diagrams easily;['Tech'];11.0;101;Draw.io;Create and share diagrams easily;https://draw.io/?ref=producthunt;[];draw.io
173;Getfeedback;https://www.producthunt.com/products/getfeedback;https://www.producthunt.com/leaderboard/daily/2013/12/15;Create enaging, Mobile ready surveys.;['Tech'];0.0;79;Getfeedback;Create enaging, Mobile ready surveys.;https://www.getfeedback.com/?ref=producthunt;[];getfeedback.com
174;Tiny Blog;https://www.producthunt.com/products/tiny-blog;https://www.producthunt.com/leaderboard/daily/2013/12/15;Ambient Video Blogging (prototype by Kevin Rose);['Tech'];13.0;80;Tiny Blog;Ambient Video Blogging (prototype by Kevin Rose);http://www.youtube.com/watch?v=N6UW0JY5PUs&ref=producthunt;[];youtube.com
175;knwl.js;https://www.producthunt.com/products/knwl-js;https://www.producthunt.com/leaderboard/daily/2013/12/15;Pull important data from large text blocks;['Tech'];1.0;62;knwl.js;Pull important data from large text blocks;https://github.com/loadfive/Knwl.js?ref=producthunt;[];github.com
176;Leap Transit;https://www.producthunt.com/products/leap-transit;https://www.producthunt.com/leaderboard/daily/2013/12/15;New (limited) shuttle service for San Francisco commuters;['Tech'];3.0;73;Leap Transit;New (limited) shuttle service for San Francisco commuters;http://leaptransit.com/site.php?ref=producthunt;[];leaptransit.com
177;Groove;https://www.producthunt.com/products/groove;https://www.producthunt.com/leaderboard/daily/2013/12/16;Simple online help desk;['Web App', 'Tech'];3.0;93;Groove;Support, Simplified.;http://www.groovehq.com/?ref=producthunt;['Team collaboration software', 'Knowledge base software', 'Customer support tools'];groovehq.com
178;Just Delete Me;https://www.producthunt.com/products/just-delete-me;https://www.producthunt.com/leaderboard/daily/2013/12/16;A directory of direct links to delete your account.;['Tech'];1.0;115;Just Delete Me;A directory of direct links to delete your account.;http://justdelete.me/?ref=producthunt;[];justdelete.me
179;Help Me Write;https://www.producthunt.com/products/help-me-write;https://www.producthunt.com/leaderboard/daily/2013/12/16;Get your audience to help you decide what to write about.;['Web App', 'Tech'];3.0;77;Help Me Write;Get your audience to help you decide what to write about.;http://helpmewrite.co/?ref=producthunt;[];helpmewrite.co
180;Tydlig;https://www.producthunt.com/products/tydlig;https://www.producthunt.com/leaderboard/daily/2013/12/16;The calculator reimagined for iOS 7;['Tech'];3.0;69;Tydlig;A new kind of calculator, for iPhone & iPad.;http://tydligapp.com/?ref=producthunt;[];tydligapp.com
181;The Hunt;https://www.producthunt.com/products/the-hunt;https://www.producthunt.com/leaderboard/daily/2013/12/16;Helpers hunt down products you covet.;['Tech'];1.0;59;The Hunt;Helpers hunt down products you covet.;http://www.thehunt.com/?ref=producthunt;[];thehunt.com
182;Startup Framework;https://www.producthunt.com/products/designmodo;https://www.producthunt.com/leaderboard/daily/2013/12/16;Suit up your startup.;['Tech'];2.0;103;Designmodo;No-code email template and website builders.;https://designmodo.com/?ref=producthunt;['No-code Platforms', 'Email marketing', 'Landing page builders'];designmodo.com
183;Points;https://www.producthunt.com/products/points;https://www.producthunt.com/leaderboard/daily/2013/12/16;The most advance wayfinding system on earth;['Tech'];0.0;60;Points;The most advance wayfinding system on earth;http://breakfastny.com/points-sign?ref=producthunt;[];breakfastny.com
184;ReadrBoard;https://www.producthunt.com/products/readrboard;https://www.producthunt.com/leaderboard/daily/2013/12/16;Capture reader reaction to content on your website or blog;['Tech'];3.0;75;ReadrBoard;Capture reader reaction to content on your website or blog;http://www.readrboard.com/learn?ref=producthunt;[];readrboard.com
185;Moments.me;https://www.producthunt.com/products/moments-me;https://www.producthunt.com/leaderboard/daily/2013/12/16;iPad photo book app w/ same-day pickup at Walgreens;['Tech'];2.0;60;Moments.me;iPad photo book app w/ same-day pickup at Walgreens;http://moments.me/?ref=producthunt;[];moments.me
186;YayNay;https://www.producthunt.com/products/yaynay;https://www.producthunt.com/leaderboard/daily/2013/12/16;Easiest way to get second opinions from your friends;['Tech'];1.0;65;YayNay;Easiest way to get second opinions from your friends;https://itunes.apple.com/us/app/yaynay/id673584575?ref=producthunt;[];itunes.apple.com
187;Reaction Housing;https://www.producthunt.com/products/reaction-housing;https://www.producthunt.com/leaderboard/daily/2013/12/16;Rapid response emergency housing;['Tech'];1.0;60;Reaction Housing;Rapid response emergency housing;http://www.reactionhousingsystem.com/index.php?ref=producthunt;[];reactionhousingsystem.com
188;MIWIFI by Xiaomi;https://www.producthunt.com/products/miwifi-by-xiaomi;https://www.producthunt.com/leaderboard/daily/2013/12/16;Wifi router beta with a twist: you build it yourself;['Tech'];7.0;60;MIWIFI by Xiaomi;Wifi router beta with a twist: you build it yourself;http://miwifi.com/?ref=producthunt;[];miwifi.com
189;Dare;https://www.producthunt.com/products/dare;https://www.producthunt.com/leaderboard/daily/2013/12/16;Mobile Video AMA ;['Tech'];8.0;58;Dare;Mobile Video AMA ;http://www.dare.fm/?ref=producthunt;[];dare.fm
190;Helpouts By Google;https://www.producthunt.com/products/google;https://www.producthunt.com/leaderboard/daily/2013/12/16;Real help from real people in real time.;['Tech'];1.0;78;Google;Organizing the world's information;https://www.google.com/?ref=producthunt;['Search'];google.com
191;Munchery;https://www.producthunt.com/products/munchery;https://www.producthunt.com/leaderboard/daily/2013/12/17;Wholesome meals in a snap;['Tech'];3.0;140;Munchery;Wholesome meals in a snap;https://munchery.com/?ref=producthunt;[];munchery.com
192;Keezy;https://www.producthunt.com/products/keezy;https://www.producthunt.com/leaderboard/daily/2013/12/17;Turn your iPhone into an instrument;['iOS', 'iPad', 'Tech'];15.0;89;Keezy;Turn your phone into an instrument.;http://keezy.net/?ref=producthunt;[];keezy.net
193;Velocity;https://www.producthunt.com/products/velocity;https://www.producthunt.com/leaderboard/daily/2013/12/17;Read faster, one word at a time;['Tech'];12.0;86;Velocity;Read faster, one word at a time;http://velocityapp.com/?ref=producthunt;[];velocityapp.com
194;Potluck;https://www.producthunt.com/products/potluck-2;https://www.producthunt.com/leaderboard/daily/2013/12/17;Bite-sized  news and facts  to talk about;['Tech'];26.0;117;Potluck;Bite-sized  news and facts  to talk about;http://potluck.it/?ref=producthunt;[];potluck.it
195;Froont;https://www.producthunt.com/products/froont;https://www.producthunt.com/leaderboard/daily/2013/12/17;Responsive web design, the visual way.;['Tech'];4.0;72;Froont;Responsive web design, the visual way.;http://froont.com/?ref=producthunt;[];froont.com
196;Ding Dong;https://www.producthunt.com/products/ding-dong;https://www.producthunt.com/leaderboard/daily/2013/12/17;"""What's up"" in one tap";['Tech'];11.0;85;Ding Dong;"""What's up"" in one tap";http://www.dingdongapp.com/?ref=producthunt;[];dingdongapp.com
197;Macaw;https://www.producthunt.com/products/macaw;https://www.producthunt.com/leaderboard/daily/2013/12/17;The code-savvy web design tool;['Tech'];3.0;73;Macaw;The code-savvy web design tool;http://macaw.co/?ref=producthunt;[];macaw.co
198;Krush;https://www.producthunt.com/products/krush;https://www.producthunt.com/leaderboard/daily/2013/12/17;Lifestyle driven marketplace;['Tech'];5.0;61;Krush;Lifestyle driven marketplace;http://www.krush.com/?ref=producthunt;[];krush.com
199;Storefront;https://www.producthunt.com/products/storefront;https://www.producthunt.com/leaderboard/daily/2013/12/17;Find short-term retail space to sell in;['Jewelry', 'Fashion', 'Art'];4.0;124;Storefront;The world's largest marketplace for short-term retail;http://thestorefront.com/?ref=producthunt;[];thestorefront.com
200;Iron Man Mark III;https://www.producthunt.com/products/iron-man-mark-iii;https://www.producthunt.com/leaderboard/daily/2013/12/17;Now ready for pre-order, an actual Iron Man suit;['Tech'];2.0;62;Iron Man Mark III;Now ready for pre-order, an actual Iron Man suit;http://ironmanfactory.com/?ref=producthunt;[];ironmanfactory.com
201;Question Block Lamp;https://www.producthunt.com/products/question-block-lamp;https://www.producthunt.com/leaderboard/daily/2013/12/17;Mario-Inspired Touch Sensitive Lamp;['Tech'];3.0;67;Question Block Lamp;Mario-Inspired Touch Sensitive Lamp;http://www.8bitlit.com/?ref=producthunt;[];8bitlit.com
202;Deck;https://www.producthunt.com/products/deck;https://www.producthunt.com/leaderboard/daily/2013/12/17;Presentations for the Post-PC era.;['Tech'];1.0;64;Deck;Presentations for the Post-PC era.;http://deck.in/?ref=producthunt;[];deck.in
203;Write Monkey;https://www.producthunt.com/products/write-monkey;https://www.producthunt.com/leaderboard/daily/2013/12/17;Offline writing software;['Tech'];4.0;60;Write Monkey;Offline writing software;http://writemonkey.com/?ref=producthunt;[];writemonkey.com
204;24 Hours of Happy;https://www.producthunt.com/products/24-hours-of-happy;https://www.producthunt.com/leaderboard/daily/2013/12/17;Pharrell's 24 Hour Music Video;['Tech'];6.0;69;24 Hours of Happy;Pharrell's 24 Hour Music Video;http://24hoursofhappy.com/?ref=producthunt;[];24hoursofhappy.com
205;CloudMagic;https://www.producthunt.com/products/cloudmagic;https://www.producthunt.com/leaderboard/daily/2013/12/17;The mail app with magical search;['Tech'];1.0;71;CloudMagic;The mail app with magical search;https://cloudmagic.com/?ref=producthunt;['Email clients'];cloudmagic.com
206;Cameo;https://www.producthunt.com/products/cameo-2;https://www.producthunt.com/leaderboard/daily/2013/12/17;"Video creation mobile app - create beautiful ""Cameos""";['Tech'];3.0;67;Cameo;"Video creation mobile app - create beautiful ""Cameos""";http://www.cameo.tv/?ref=producthunt;[];cameo.tv
207;Ubooly;https://www.producthunt.com/products/ubooly;https://www.producthunt.com/leaderboard/daily/2013/12/17;The learning toy that listens;['Tech'];1.0;62;Ubooly;The learning toy that listens;http://www.ubooly.com/?ref=producthunt;[];ubooly.com
208;Duolingo;https://www.producthunt.com/products/duolingo;https://www.producthunt.com/leaderboard/daily/2013/12/18;Learn languages completely free.;['iOS', 'Web App', 'Languages'];36.0;207;Duolingo;The free, fun & effective way to learn a language;https://duolingo.com/?ref=producthunt;['Language Learning', 'Online learning'];duolingo.com
209;Webflow;https://www.producthunt.com/products/webflow;https://www.producthunt.com/leaderboard/daily/2013/12/18;All-in-one web design platform;['Web App', 'Design Tools', 'User Experience'];18.0;264;Webflow;Where creativity drives performance;https://webflow.com/?ref=producthunt;['Website builders', 'Content Management Systems', 'Ecommerce platforms'];webflow.com
210;Day One;https://www.producthunt.com/products/day-one-journal;https://www.producthunt.com/leaderboard/daily/2013/12/18;A simple journal for iPhone, iPad and OSX. ;['iOS', 'iPad', 'Mac'];5.0;104;Day One Journal;The best app for journaling.;https://dayoneapp.com/?ref=producthunt;['Note and writing apps', 'Photo editing'];dayoneapp.com
211;Canary;https://www.producthunt.com/products/canary-2;https://www.producthunt.com/leaderboard/daily/2013/12/18;Smart home security for everyone;['Android', 'iOS', 'Home'];6.0;181;Canary;Smart home security for everyone;https://canary.is/?ref=producthunt;['Safety and Privacy platforms', 'Security software'];canary.is
212;Pixelmator;https://www.producthunt.com/products/pixelmator;https://www.producthunt.com/leaderboard/daily/2013/12/18;By far the best, lightest, and cheapest visual design tool. ;['iPad', 'Mac', 'Photography'];5.0;88;Pixelmator Pro;Pro image editing for everyone;http://www.pixelmator.com/pro?ref=producthunt;['Photo editing', 'Graphic design tools', 'Design mockups'];pixelmator.com
213;Moves;https://www.producthunt.com/products/moves;https://www.producthunt.com/leaderboard/daily/2013/12/18;Activity tracking without gadgets;['Tech'];6.0;72;Moves;Activity tracking without gadgets;http://www.moves-app.com/?ref=producthunt;[];moves-app.com
214;Memrise;https://www.producthunt.com/products/memrise;https://www.producthunt.com/leaderboard/daily/2013/12/18;Learn Anything;['Tech'];7.0;68;Memrise;Learn Anything;http://www.memrise.com/?ref=producthunt;['Language Learning'];memrise.com
215;Capptivate;https://www.producthunt.com/products/capptivate;https://www.producthunt.com/leaderboard/daily/2013/12/18;Animated Mobile App Patterns;['iOS', 'Tech'];5.0;133;Capptivate;Animated Mobile App Patterns;http://capptivate.co/?ref=producthunt;[];capptivate.co
216;Writer Pro;https://www.producthunt.com/products/writer-pro;https://www.producthunt.com/leaderboard/daily/2013/12/18;Note. Write. Edit.;['Android', 'iOS', 'Mac'];6.0;119;Writer Pro;Note. Write. Edit.;http://writer.pro/?ref=producthunt;[];writer.pro
217;Envoy;https://www.producthunt.com/products/envoy;https://www.producthunt.com/leaderboard/daily/2013/12/18;Elegantly greet visitors to your office (pre-launch);['Tech'];9.0;88;Envoy;Bring people together in a flexible workplace;https://envoy.com/?ref=producthunt;['Productivity', 'Team collaboration software', 'Virtual office platforms'];envoy.com
218;Uncover;https://www.producthunt.com/products/uncoverr;https://www.producthunt.com/leaderboard/daily/2013/12/18;Reward Your Employees;['Tech'];0.0;63;Uncover;Reward Your Employees;https://www.uncover.com/?ref=producthunt;[];uncover.com
219;Silvrback;https://www.producthunt.com/products/silvrback;https://www.producthunt.com/leaderboard/daily/2013/12/18;Distraction-free blogging. Own your brand. ;['Tech'];8.0;81;Silvrback;Distraction-free blogging. Own your brand. ;https://dsowers.silvrback.com/introducing-silvrback?ref=producthunt;[];dsowers.silvrback.com
220;Airmail;https://www.producthunt.com/products/airmail;https://www.producthunt.com/leaderboard/daily/2013/12/18;Lightning fast mail client for OS X;['Tech'];5.0;76;Airmail;Lightning fast mail client for Mac and iOS;http://airmailapp.com/?ref=producthunt;['Email clients'];airmailapp.com
221;LiveMinutes;https://www.producthunt.com/products/liveminutes;https://www.producthunt.com/leaderboard/daily/2013/12/18;Team chat and document collaboration;['Tech'];5.0;89;LiveMinutes;Next gen html5 and mobile webex;http://www.liveminutes.com/?ref=producthunt;[];liveminutes.com
222;Canary;https://www.producthunt.com/products/canary-3;https://www.producthunt.com/leaderboard/daily/2013/12/18;Uptime monitoring for everyone;['Tech'];2.0;66;Canary;Uptime monitoring for everyone;https://canaryup.com/?ref=producthunt;[];canaryup.com
223;Circa;https://www.producthunt.com/products/circa;https://www.producthunt.com/leaderboard/daily/2013/12/18;News app with high quality curated content;['Tech'];3.0;77;Circa;News app with high quality curated content;http://cir.ca/?ref=producthunt;[];cir.ca
224;Wallaby Financial;https://www.producthunt.com/products/wallaby-financial;https://www.producthunt.com/leaderboard/daily/2013/12/18;Optimize your credit card usage with one smart card.;['Tech'];4.0;87;Wallaby Financial;Optimize your credit card usage with one smart card.;https://walla.by/?ref=producthunt;[];walla.by
225;One Month Rails;https://www.producthunt.com/products/one-month-rails;https://www.producthunt.com/leaderboard/daily/2013/12/19;The easiest way ever developed to Learn to Code;['Tech'];9.0;80;One Month Rails;The easiest way ever developed to Learn to Code;http://onemonthrails.com/?ref=producthunt;[];onemonthrails.com
226;UberConference;https://www.producthunt.com/products/uberconference-by-dialpad;https://www.producthunt.com/leaderboard/daily/2013/12/19;Stress-free conference calls;['Tech'];5.0;74;UberConference by Dialpad;No PINs No Dwnloads. Talk, Video;;;nan
227;"and Screenshare Immediately""";http://www.uberconference.com/?ref=producthunt;[];;;;;;;;;nan
228;Prismatic 2.0;https://www.producthunt.com/products/prismatic-2-0;https://www.producthunt.com/leaderboard/daily/2013/12/19;Social news app;['iOS', 'Tech'];6.0;138;Prismatic 2.0;Social news app;https://itunes.apple.com/us/app/prismatic-always-interesting/id551206444?ref=producthunt;[];itunes.apple.com
229;Signals;https://www.producthunt.com/products/signals;https://www.producthunt.com/leaderboard/daily/2013/12/19;See who opens your email;['Tech'];5.0;89;Signals;See who opens your email;;[];nan
230;Vidme;https://www.producthunt.com/products/vidme;https://www.producthunt.com/leaderboard/daily/2013/12/19;Instant and anonymous video hosting;['Android', 'iOS', 'Tech'];12.0;84;Vidme;Instant and anonymous video hosting;http://vidd.me/?ref=producthunt;[];vidd.me
231;Bevel;https://www.producthunt.com/products/bevel;https://www.producthunt.com/leaderboard/daily/2013/12/19;Shaving system designed to reduce shaving irritation;['Health & Fitness', 'Tech'];5.0;91;BEVEL;Grooming Products Specifically Designed for Sensitive Skins;http://getbevel.com/?ref=producthunt;['Health & Fitness', 'Physical Products'];getbevel.com
232;Layer Vault;https://www.producthunt.com/products/layer-vault;https://www.producthunt.com/leaderboard/daily/2013/12/19;Version control for designers;['Tech'];0.0;64;Layer Vault;Version control for designers;https://layervault.com/?ref=producthunt;[];layervault.com
233;Ambassador;https://www.producthunt.com/products/ambassador;https://www.producthunt.com/leaderboard/daily/2013/12/19;Referral Automation, Made Easy;['Tech'];3.0;75;Ambassador;Referral Automation, Made Easy;http://www.getambassador.com/?ref=producthunt;[];getambassador.com
234;New Readability;https://www.producthunt.com/products/new-readability;https://www.producthunt.com/leaderboard/daily/2013/12/19;Read Comfortablyâ€” Anytime, Anywhere;['Tech'];6.0;67;New Readability;Read Comfortablyâ€” Anytime, Anywhere;http://readability.com/?ref=producthunt;[];readability.com
235;PKPKT;https://www.producthunt.com/products/pkpkt;https://www.producthunt.com/leaderboard/daily/2013/12/19;Steal money from friends and strangers;['Tech'];3.0;62;PKPKT;Steal money from friends and strangers;http://pkpkt.com/?ref=producthunt;[];pkpkt.com
236;Strongsync;https://www.producthunt.com/products/strongsync;https://www.producthunt.com/leaderboard/daily/2013/12/19;Dropbox-like Sync and Backup using only SFTP or Amazon S3;['Tech'];0.0;61;ExpanDrive;Mount Cloud Storage as Local Drives â€“ For Free;http://www.expandrive.com/?ref=producthunt;[];expandrive.com
237;Are You a Human?;https://www.producthunt.com/products/are-you-a-human;https://www.producthunt.com/leaderboard/daily/2013/12/19;Ending the CAPTCHA agony in a unique way.;['Tech'];7.0;67;Are You a Human?;Ending the CAPTCHA agony in a unique way.;http://www.areyouahuman.com/?ref=producthunt;[];areyouahuman.com
238;Friendlibs;https://www.producthunt.com/products/friendlibs;https://www.producthunt.com/leaderboard/daily/2013/12/19;Make Buzzfeed-like list articles about your friends;['Tech'];3.0;61;Friendlibs;Make your own ad lib listicles about your friends;http://www.friendlibs.com/?ref=producthunt;[];friendlibs.com
239;Listly;https://www.producthunt.com/products/listly;https://www.producthunt.com/leaderboard/daily/2013/12/19;Listly is lists made social and fun!;['Tech'];1.0;102;Listly;Listly is lists made social and fun!;http://list.ly/?ref=producthunt;[];list.ly
240;ScreenSteps;https://www.producthunt.com/products/screensteps;https://www.producthunt.com/leaderboard/daily/2013/12/19;Write better help articles for your support knowledge base;['Tech'];3.0;95;ScreenSteps;Write better help articles for your support knowledge base;http://www.screensteps.com/?ref=producthunt;[];screensteps.com
241;Taasky;https://www.producthunt.com/products/taasky;https://www.producthunt.com/leaderboard/daily/2013/12/19;Sexy to-do list app;['Tech'];3.0;71;Taasky;Sexy to-do list app;http://taasky.com/?ref=producthunt;[];taasky.com
242;Fotokite;https://www.producthunt.com/products/fotokite;https://www.producthunt.com/leaderboard/daily/2013/12/19;A flying camera that works anytime, anywhere;['Tech'];1.0;77;Fotokite;A flying camera that works anytime, anywhere;http://fotokite.com/?ref=producthunt;[];fotokite.com
243;Penflip;https://www.producthunt.com/products/penflip;https://www.producthunt.com/leaderboard/daily/2013/12/20;A social writing platform;['Tech'];15.0;135;Penflip;A social writing platform;https://www.penflip.com/?ref=producthunt;[];penflip.com
244;Origami;https://www.producthunt.com/products/origami;https://www.producthunt.com/leaderboard/daily/2013/12/20;A free design prototyping toolkit for Quartz Composer;['Tech'];2.0;93;Origami;A free design prototyping toolkit for Quartz Composer;http://facebook.github.io/origami?ref=producthunt;[];facebook.github.io
245;StatusPage;https://www.producthunt.com/products/statuspage;https://www.producthunt.com/leaderboard/daily/2013/12/20;Better Server Status Communication;['Tech'];0.0;89;Statuspage;Build trust with every incident;https://www.statuspage.io/?ref=producthunt;['Team collaboration software', 'Customer support tools', 'Issue tracking software'];statuspage.io
246;Snapchat 6.1;https://www.producthunt.com/products/snapchat-6-1;https://www.producthunt.com/leaderboard/daily/2013/12/20;New Smart Filters, Replay, Front-Facing Flash & More.;['Tech'];24.0;95;Snapchat 6.1;New Smart Filters, Replay, Front-Facing Flash & More.;https://itunes.apple.com/us/app/snapchat/id447188370?mt=8&ref=producthunt;[];itunes.apple.com
247;Rumpl;https://www.producthunt.com/products/rumpl;https://www.producthunt.com/leaderboard/daily/2013/12/20;World's best blanket;['Tech'];4.0;78;Rumpl;World's best blanket;http://www.gorumpl.com/?ref=producthunt;[];gorumpl.com
248;Narrative;https://www.producthunt.com/products/narrative;https://www.producthunt.com/leaderboard/daily/2013/12/20;Ambient Photo Diary;['Tech'];4.0;64;Narrative;Ambient Photo Diary;http://getnarrative.com/?ref=producthunt;[];getnarrative.com
249;NewDo;https://www.producthunt.com/products/newdo;https://www.producthunt.com/leaderboard/daily/2013/12/20;Find Your Perfect Hairstyle;['Tech'];6.0;59;NewDo;Find Your Perfect Hairstyle;http://www.newdoapp.com/?ref=producthunt;[];newdoapp.com
250;Timeless Box;https://www.producthunt.com/products/timeless-box;https://www.producthunt.com/leaderboard/daily/2013/12/20;Time Travel for Gifts in a Box;['Tech'];2.0;62;Timeless Box;Time Travel for Gifts in a Box;http://timelessbox.com/?ref=producthunt;[];timelessbox.com
251;Aurora;https://www.producthunt.com/products/aurora;https://www.producthunt.com/leaderboard/daily/2013/12/20;The Dream-Enhancing Headband;['Tech'];3.0;56;Aurora;The Dream-Enhancing Headband;http://www.kickstarter.com/projects/iwinks/the-aurora-dream-enhancing-headband?ref=producthunt;[];kickstarter.com
252;Goodmouth;https://www.producthunt.com/products/goodmouth;https://www.producthunt.com/leaderboard/daily/2013/12/20;Oral Care. Delivered. :);['Tech'];10.0;68;Goodmouth;Oral Care. Delivered. :);http://www.goodmouth.com/?ref=producthunt;[];goodmouth.com
253;Workflowy;https://www.producthunt.com/products/workflowy;https://www.producthunt.com/leaderboard/daily/2013/12/21;Turn your entire life into a list.;['Android', 'iOS', 'iPad'];23.0;139;WorkFlowy;A simpler way to stay organized.;https://workflowy.com/?ref=producthunt;['Productivity', 'Note and writing apps', 'Project management software'];workflowy.com
254;Plowz;https://www.producthunt.com/products/plowz;https://www.producthunt.com/leaderboard/daily/2013/12/21;On-demand snow plows;['Tech'];15.0;105;Plowz;On-demand snow plows;http://www.plowz.com/?ref=producthunt;[];plowz.com
255;Tessel 2;https://www.producthunt.com/products/tessel-2;https://www.producthunt.com/leaderboard/daily/2013/12/21;Hardware development for software developers.;['Tech'];2.0;73;Tessel 2;Hardware development for software developers.;http://tessel.io/?ref=producthunt;[];tessel.io
256;Napwell;https://www.producthunt.com/products/napwell;https://www.producthunt.com/leaderboard/daily/2013/12/21;Sleep mask that simulates a sunrise.;['Tech'];1.0;67;Napwell;Sleep mask that simulates a sunrise.;http://www.kickstarter.com/projects/2011830108/napwell-the-worlds-first-napping-mask?ref=producthunt;[];kickstarter.com
257;Julibox;https://www.producthunt.com/products/julibox;https://www.producthunt.com/leaderboard/daily/2013/12/21;Curated, artisan cocktails delivered to your door. ;['Tech'];0.0;57;Julibox;Curated, artisan cocktails delivered to your door. ;http://www.julibox.com/?ref=producthunt;[];julibox.com
258;Lyve;https://www.producthunt.com/products/lyve;https://www.producthunt.com/leaderboard/daily/2013/12/21;Formerly stealth startup Black Pearl Systems reveals Lyve;['Tech'];1.0;56;;;;[];nan
259;Haberdash;https://www.producthunt.com/products/haberdash;https://www.producthunt.com/leaderboard/daily/2013/12/21;Create stunning photo-cushions in a matter of moments;['Tech'];5.0;60;Haberdash;Create stunning photo-cushions in a matter of moments;http://haberdash.co/?ref=producthunt;[];haberdash.co
260;Mention;https://www.producthunt.com/products/mention;https://www.producthunt.com/leaderboard/daily/2013/12/22;Better Google alerts.;['Tech'];16.0;202;Mention;Better Google alerts.;https://mention.net/?ref=producthunt;['Social media management tools', 'Social bookmarking'];mention.net
261;Doodle;https://www.producthunt.com/products/doodle;https://www.producthunt.com/leaderboard/daily/2013/12/22;Doodle simplifies scheduling.;['Tech'];12.0;229;Doodle;Doodle simplifies scheduling.;http://doodle.com/?ref=producthunt;['Scheduling software'];doodle.com
262;Shake;https://www.producthunt.com/products/shake;https://www.producthunt.com/leaderboard/daily/2013/12/22;Simple legal document creation;['Tech'];6.0;96;Shake;Simple legal document creation;http://www.shakelaw.com/?ref=producthunt;['Legal services'];shakelaw.com
263;Clerky;https://www.producthunt.com/products/clerky;https://www.producthunt.com/leaderboard/daily/2013/12/22;Startup Legal Setup Assistance;['Tech'];3.0;81;Clerky;How the best startups get legal paperwork done;https://www.clerky.com/?ref=producthunt;['Startup communities', 'Legal services', 'Startup incorporation'];clerky.com
264;Fragment;https://www.producthunt.com/products/fragment;https://www.producthunt.com/leaderboard/daily/2013/12/22;Prismatic Photos;['Tech'];6.0;115;Fragment;Prismatic Photos;http://fragmentapp.com/?ref=producthunt;[];fragmentapp.com
265;Intercourse;https://www.producthunt.com/products/intercourse;https://www.producthunt.com/leaderboard/daily/2013/12/22;Improve your pitch;['Tech'];2.0;63;Intercourse;Improve your pitch;http://www.intercourse.io/?ref=producthunt;[];intercourse.io
266;Christmas.am;https://www.producthunt.com/products/christmas-am;https://www.producthunt.com/leaderboard/daily/2013/12/22;The best gifts on Amazon.;['Tech'];2.0;89;Christmas.am;The best gifts on Amazon.;http://christmas.am/?ref=producthunt;[];christmas.am
267;Nike+ Running 4.5;https://www.producthunt.com/products/nike-running-4-5;https://www.producthunt.com/leaderboard/daily/2013/12/22;New Nike+Coach = tips & routines for runners;['Tech'];6.0;80;Nike+ Running 4.5;New Nike+Coach = tips & routines for runners;https://itunes.apple.com/us/app/nike+-running/id387771637?mt=8&ref=producthunt;[];itunes.apple.com
268;Unstuff;https://www.producthunt.com/products/unstuff;https://www.producthunt.com/leaderboard/daily/2013/12/22;Push Button. Save Christmas.;['Tech'];2.0;82;Unstuff;Push Button. Save Christmas.;http://unstuffgifts.com/?ref=producthunt;[];unstuffgifts.com
269;Cloudup;https://www.producthunt.com/products/cloudup;https://www.producthunt.com/leaderboard/daily/2013/12/22;Share video, photos, music, links and files.;['Web App', 'Tech'];2.0;68;Cloudup;Share your stream.;http://cloudup.com/?ref=producthunt;[];cloudup.com
270;iFunny 3.0;https://www.producthunt.com/products/ifunny-3-0;https://www.producthunt.com/leaderboard/daily/2013/12/22;Create and Share Memes;['Tech'];2.0;57;iFunny 3.0;Create and Share Memes;http://ifunny.mobi/?ref=producthunt;[];ifunny.mobi
271;Teespring;https://www.producthunt.com/products/teespring;https://www.producthunt.com/leaderboard/daily/2013/12/23;Create & sell t-shirts you can be proud of;['Tech'];6.0;104;Teespring;Create & sell t-shirts you can be proud of;http://teespring.com/?ref=producthunt;['Ecommerce platforms', 'Physical Products', 'Marketplace sites'];teespring.com
272;MyFitnessPal;https://www.producthunt.com/products/myfitnesspal;https://www.producthunt.com/leaderboard/daily/2013/12/23;Free Calorie Counter , diet and excercise journal.;['Android', 'iOS', 'Health & Fitness'];4.0;68;MyFitnessPal;Free Calorie Counter , diet and excercise journal.;http://www.myfitnesspal.com/?ref=producthunt;[];myfitnesspal.com
273;The Latest;https://www.producthunt.com/products/the-latest;https://www.producthunt.com/leaderboard/daily/2013/12/23;Automatic list of the latest & greatest links from Twitter;['Web App', 'Social Network', 'Tech'];10.0;91;The Latest;Automatic list of the latest & greatest links from Twitter;http://latest.is/?ref=producthunt;[];latest.is
274;Fluid UI;https://www.producthunt.com/products/fluid-ui;https://www.producthunt.com/leaderboard/daily/2013/12/23;The World's #1 Wireframing & Prototyping Tool;['Prototyping', 'Tech'];3.0;65;Fluid UI;The World's #1 Wireframing & Prototyping Tool;http://www.fluidui.com/?ref=producthunt;[];fluidui.com
275;Structure;https://www.producthunt.com/products/structure;https://www.producthunt.com/leaderboard/daily/2013/12/23;3D Sensor for iOS;['Tech'];7.0;106;Structure;3D Sensor for iOS;http://structure.io/?ref=producthunt;[];structure.io
276;Sketching with CSS;https://www.producthunt.com/products/sketching-with-css;https://www.producthunt.com/leaderboard/daily/2013/12/23;Write css as fast as you can Sketch;['Tech'];2.0;73;Sketching with CSS;Write css as fast as you can Sketch;http://www.sketchingwithcss.com/?ref=producthunt;[];sketchingwithcss.com
277;Gif Yourself;https://www.producthunt.com/products/gif-yourself;https://www.producthunt.com/leaderboard/daily/2013/12/23;Add your face to a GIF;['Tech'];3.0;76;Gif Yourself;Add your face to a GIF;https://itunes.apple.com/us/app/gifyourself/id781613403?mt=8&ref=producthunt;[];itunes.apple.com
278;Startup Boards;https://www.producthunt.com/products/startup-boards;https://www.producthunt.com/leaderboard/daily/2013/12/23;Book by Brad Feld: Getting the Most Out of Your Board;['Tech'];1.0;97;Startup Boards;Book by Brad Feld: Getting the Most Out of Your Board;http://www.amazon.com/gp/product/B00E8NJEPW?ref=producthunt;[];amazon.com
279;Peek;https://www.producthunt.com/products/peek;https://www.producthunt.com/leaderboard/daily/2013/12/23;Last minute travel plans.;['Tech'];9.0;86;Peek;Discover your next adventure.;http://www.peek.com/?ref=producthunt;['Travel', 'Travel Planning', 'Ecommerce'];peek.com
280;Fitstar;https://www.producthunt.com/products/fitstar;https://www.producthunt.com/leaderboard/daily/2013/12/23;Personalized video workouts for mobile;['Tech'];1.0;63;Fitstar;Fitness app - previously on the iPad only, now on iPhones;http://fitstar.com/?ref=producthunt;[];fitstar.com
281;Curious;https://www.producthunt.com/products/curious;https://www.producthunt.com/leaderboard/daily/2013/12/23;A better way to learn anything!;['Tech'];2.0;66;Curious;A better way to learn anything!;http://curious.com/?ref=producthunt;[];curious.com
282;RelateIQ;https://www.producthunt.com/products/relateiq;https://www.producthunt.com/leaderboard/daily/2013/12/24;Better Relationships. Smarter Decisions.;['Tech'];5.0;122;RelateIQ;Better Relationships. Smarter Decisions.;https://www.relateiq.com/?ref=producthunt;[];relateiq.com
283;ReadingPack;https://www.producthunt.com/products/readingpack;https://www.producthunt.com/leaderboard/daily/2013/12/24;Shared Reading List (like Pocket but social);['Tech'];13.0;82;ReadingPack;Shared Reading List (like Pocket but social);http://readingpack.com/?ref=producthunt;[];readingpack.com
284;Tlk ;https://www.producthunt.com/products/tlk;https://www.producthunt.com/leaderboard/daily/2013/12/24;A simple web chat;['Tech'];3.0;95;Tlk ;A simple web chat;http://tlk.io/?ref=producthunt;[];tlk.io
285;Sugarcube;https://www.producthunt.com/products/sugarcube;https://www.producthunt.com/leaderboard/daily/2013/12/24;Share media with your TV from any device.;['Tech'];1.0;66;Sugarcube;Share media with your TV from any device.;https://www.getsugarcube.com/?ref=producthunt;[];getsugarcube.com
286;Wildcard;https://www.producthunt.com/products/wildcard;https://www.producthunt.com/leaderboard/daily/2013/12/24;Twitter/Potluck-esque cards for the rest of the web;['Tech'];5.0;87;Wildcard;Twitter/Potluck-esque cards for the rest of the web;http://www.trywildcard.com/?ref=producthunt;['Social media management tools', 'Social Networking', 'Twitter apps'];trywildcard.com
287;Creative Market;https://www.producthunt.com/products/creative-market;https://www.producthunt.com/leaderboard/daily/2013/12/24;The world's marketplace for design;['Design Tools', 'Tech'];0.0;103;Creative Market;Join forces with talented designers around the world.;https://www.creativemarket.com/?ref=producthunt;['Design & Creative', 'Design resources', 'Marketplace sites'];creativemarket.com
288;OptimizeMe;https://www.producthunt.com/products/optimizeme;https://www.producthunt.com/leaderboard/daily/2013/12/24;Quantified Self App Interpreting Your Data;['Tech'];8.0;62;OptimizeMe;Quantified Self App Interpreting Your Data;;[];nan
289;Rushmore;https://www.producthunt.com/products/rushmore;https://www.producthunt.com/leaderboard/daily/2013/12/24;Bringing music fans and music artists closer together;['Tech'];1.0;63;Rushmore;Bringing music fans and music artists closer together;https://rushmore.fm/?ref=producthunt;[];rushmore.fm
290;Griddr;https://www.producthunt.com/products/griddr;https://www.producthunt.com/leaderboard/daily/2013/12/24;Griddr's Dot Grid Book;['Tech'];0.0;60;Griddr;Griddr's Dot Grid Book;http://griddr.com/?ref=producthunt;[];griddr.com
291;Just Porter;https://www.producthunt.com/products/just-porter;https://www.producthunt.com/leaderboard/daily/2013/12/24;Reinventing the Backpack;['Tech'];0.0;56;Just Porter;Tom's shoes for Backpacks;http://www.kickstarter.com/projects/justporter/just-porter-reinventing-what-a-backpack-can-be?ref=producthunt;[];kickstarter.com
292;Momentage;https://www.producthunt.com/products/momentage;https://www.producthunt.com/leaderboard/daily/2013/12/24;A Community for creatives;['Tech'];0.0;54;Momentage;A Community for creatives;http://www.momentage.com/?ref=producthunt;[];momentage.com
293;22tracks;https://www.producthunt.com/products/22tracks;https://www.producthunt.com/leaderboard/daily/2013/12/25;Music Playlists Curated by DJ's Across the World;['Tech'];3.0;105;22tracks;Music Playlists Curated by DJ's Across the World;http://22tracks.com/?ref=producthunt;[];22tracks.com
294;Quip;https://www.producthunt.com/products/quip;https://www.producthunt.com/leaderboard/daily/2013/12/25;Beautiful documents on any device.;['Tech'];4.0;92;Quip;Every happy customer starts with great teamwork.;https://quip.com/?ref=producthunt;['Productivity', 'Note and writing apps', 'Team collaboration software'];quip.com
295;Fraggl;https://www.producthunt.com/products/fraggl;https://www.producthunt.com/leaderboard/daily/2013/12/25;surface unmissable content on Twitter;['Tech'];3.0;54;Fraggl;surface unmissable content on Twitter;http://www.fraggl.co.uk/?ref=producthunt;[];fraggl.co.uk
296;Remotely;https://www.producthunt.com/products/remotely;https://www.producthunt.com/leaderboard/daily/2013/12/25;Hire talented people that enjoy working remotely;['Tech'];8.0;127;Remotely;Hire talented people that enjoy working remotely;;[];nan
297;Sugru Magnet Kit;https://www.producthunt.com/products/sugru-magnet-kit;https://www.producthunt.com/leaderboard/daily/2013/12/25;Attach anything to anything with sugru + magnets!;['Tech'];1.0;61;Sugru Magnet Kit;Attach anything to anything with sugru + magnets!;http://sugru.com/magnet-kit?ref=producthunt;[];sugru.com
298;CircleCI;https://www.producthunt.com/products/circleci;https://www.producthunt.com/leaderboard/daily/2013/12/26;Ship better code, faster;['Tech'];0.0;84;CircleCI;The continuous integration platform for the Worldâ€™s best engineering teams;https://circleci.com/?ref=producthunt;['Engineering & Development', 'Automation tools', 'Cloud Computing Platforms'];circleci.com
299;Just Landed;https://www.producthunt.com/products/just-landed;https://www.producthunt.com/leaderboard/daily/2013/12/26;Making Airport Pickup Easy;['Tech'];10.0;103;Just Landed;Making Airport Pickup Easy;http://www.getjustlanded.com/?ref=producthunt;[];getjustlanded.com
300;Popcorn Messaging;https://www.producthunt.com/products/popcorn-messaging;https://www.producthunt.com/leaderboard/daily/2013/12/26;Privately chat with others within 1 mile of your location;['iOS', 'Messaging', 'Tech'];3.0;72;Popcorn Messaging;Privately chat with others within 1 mile of your location;https://itunes.apple.com/us/app/popcorn-messaging/id718416705?mt=8&ref=producthunt;[];itunes.apple.com
301;Exercism;https://www.producthunt.com/products/exercism;https://www.producthunt.com/leaderboard/daily/2013/12/27;Crowd-sourced code reviews on daily practice problems;['Tech'];7.0;91;Exercism;Crowd-sourced code reviews on daily practice problems;http://exercism.io/?ref=producthunt;['Engineering & Development', 'Code Review Tools'];exercism.io
302;Partnered ;https://www.producthunt.com/products/partnered;https://www.producthunt.com/leaderboard/daily/2013/12/27;A platform for brands and startups to build partnerships;['Tech'];3.0;94;Partnered ;A platform for brands and startups to build partnerships;https://www.partnered.com/?ref=producthunt;[];partnered.com
303;WaterForward;https://www.producthunt.com/products/waterforward;https://www.producthunt.com/leaderboard/daily/2013/12/27;Charity done right (viral fundraising for charity:water);['Web App', 'Charity & Giving', 'Tech'];9.0;69;WaterForward;Charity done right (viral fundraising for charity:water);http://waterforward.org/?ref=producthunt;[];waterforward.org
304;Perch;https://www.producthunt.com/products/perch;https://www.producthunt.com/leaderboard/daily/2013/12/27;Small business reputation and review monitoring;['Tech'];2.0;75;Perch;Small business reputation and review monitoring;http://perchapp.com/?ref=producthunt;[];perchapp.com
305;Meta - AR Glasses;https://www.producthunt.com/products/meta-ar-glasses;https://www.producthunt.com/leaderboard/daily/2013/12/27;The first holographic interface.;['Tech'];3.0;73;Meta - AR Glasses;The first holographic interface.;https://www.spaceglasses.com/?ref=producthunt;[];spaceglasses.com
306;Board;https://www.producthunt.com/products/board;https://www.producthunt.com/leaderboard/daily/2013/12/27;Inspiration is your secret sauce, keep it private.;['Tech'];4.0;62;Board;Inspiration is your secret sauce, keep it private.;http://board.creonomy.com/?ref=producthunt;[];board.creonomy.com
307;Numbrs;https://www.producthunt.com/products/numbrs;https://www.producthunt.com/leaderboard/daily/2013/12/28;One app. Every bank.;['iOS', 'Tech'];6.0;102;Numbrs;One app. Every bank.;https://www.numbrs.com/?ref=producthunt;[];numbrs.com
308;Editorially;https://www.producthunt.com/products/editorially;https://www.producthunt.com/leaderboard/daily/2013/12/28;Collaborative writing tool ;['Text Editors', 'Tech'];4.0;95;Editorially;Collaborative writing tool ;https://editorially.com/?ref=producthunt;[];editorially.com
309;Itch.io;https://www.producthunt.com/products/itch-io;https://www.producthunt.com/leaderboard/daily/2013/12/28;Pay-What-You-Want Indie Game Store;['Tech'];8.0;66;itch.io;Download the latest indie games;https://itch.io/?ref=producthunt;['Marketplace sites', 'Games'];itch.io
310;Give;https://www.producthunt.com/products/give;https://www.producthunt.com/leaderboard/daily/2013/12/28;With each purchase, we'll donate 1 to a family who needs it;['Tech'];0.0;60;;;;[];nan
311;Copilot;https://www.producthunt.com/products/copilot-2;https://www.producthunt.com/leaderboard/daily/2013/12/28;Restaurant performance benchmarking via email;['Tech'];3.0;57;Copilot;Restaurant performance benchmarking via email;https://www.copilotlabs.com/?ref=producthunt;[];copilotlabs.com
312;Wallmob;https://www.producthunt.com/products/wallmob;https://www.producthunt.com/leaderboard/daily/2013/12/28;Enterprise point of sale;['Tech'];1.0;54;Wallmob;Enterprise point of sale;https://www.wallmob.com/?ref=producthunt;[];wallmob.com
313;Snappi;https://www.producthunt.com/products/snappi;https://www.producthunt.com/leaderboard/daily/2013/12/28;Send snapshots and files to friends in seconds.;['Tech'];2.0;63;Snappi;Send snapshots and files to friends in seconds.;http://app.snppi.com/?ref=producthunt;[];app.snppi.com
314;Fifty United Plates;https://www.producthunt.com/products/fifty-united-plates;https://www.producthunt.com/leaderboard/daily/2013/12/28;Plates shaped like your state!;['Tech'];2.0;79;Fifty United Plates;Plates shaped like your state!;http://corbecompany.com/collections/the-fifty-united-plates?ref=producthunt;[];corbecompany.com
315;Kung Fury;https://www.producthunt.com/products/kung-fury;https://www.producthunt.com/leaderboard/daily/2013/12/29;Visually spectacular, campy 80s action comedy;['Tech'];5.0;76;Kung Fury;Visually spectacular, campy 80s action comedy;http://www.kickstarter.com/projects/kungfury/kung-fury?ref=producthunt;[];kickstarter.com
316;Spark Camera;https://www.producthunt.com/products/spark-camera;https://www.producthunt.com/leaderboard/daily/2013/12/29;Make memorable videos;['Tech'];0.0;74;Spark Camera;Make memorable videos;https://www.sparkcamera.com/?ref=producthunt;[];sparkcamera.com
317;Cleartrip;https://www.producthunt.com/products/cleartrip;https://www.producthunt.com/leaderboard/daily/2013/12/29;KAYAK.com for India and Middle East;['Tech'];4.0;64;Cleartrip;Making travel simple.;http://cleartrip.com/?ref=producthunt;[];cleartrip.com
318;TicTrac;https://www.producthunt.com/products/tictrac;https://www.producthunt.com/leaderboard/daily/2013/12/29;Track all your activities and discover what makes you tick.;['Tech'];0.0;56;TicTrac;Track all your activities and discover what makes you tick.;;[];nan
319;Get UDID;https://www.producthunt.com/products/get-udid;https://www.producthunt.com/leaderboard/daily/2013/12/29;Find the UDID of an iPhone/iPad without having to use iTunes;['Tech'];1.0;82;Get UDID;Find the UDID of an iPhone/iPad without having to use iTunes;http://get.udid.io/?ref=producthunt;[];get.udid.io
320;Sunrise;https://www.producthunt.com/products/sunrise;https://www.producthunt.com/leaderboard/daily/2013/12/30;Beautifully designed calendar app;['Android', 'iOS', 'Mac'];35.0;179;Sunrise;Beautifully designed calendar app;;['Productivity', 'Calendar apps', 'Design & Creative'];nan
321;Deckset;https://www.producthunt.com/products/deckset;https://www.producthunt.com/leaderboard/daily/2013/12/30;Create beautiful presentations from markdown;['Tech'];4.0;98;Deckset;Create beautiful presentations from Markdown;http://www.deckset.com/?ref=producthunt;['Presentation Software'];deckset.com
322;Couple;https://www.producthunt.com/products/couple;https://www.producthunt.com/leaderboard/daily/2013/12/30;An app for two;['Tech'];12.0;74;Couple;An app for two;http://couple.me/?ref=producthunt;['AI Characters'];couple.me
323;Wanderu;https://www.producthunt.com/products/wanderu;https://www.producthunt.com/leaderboard/daily/2013/12/30;Kayak for bus and train travel. ;['Android', 'iOS', 'Web App'];2.0;105;Wanderu;Kayak for bus and train travel. ;http://wanderu.com/?ref=producthunt;[];wanderu.com
324;Fito Group Fitness ;https://www.producthunt.com/products/fito-group-fitness;https://www.producthunt.com/leaderboard/daily/2013/12/30;Convenient, effective fitness coaching to reach any goal.;['Tech'];7.0;72;Fito Group Fitness ;Convenient, effective fitness coaching to reach any goal.;http://fitocracy.com/group-fitness?ref=producthunt;[];fitocracy.com
325;Embed Curl;https://www.producthunt.com/products/embed-curl;https://www.producthunt.com/leaderboard/daily/2013/12/30;Embeddable curl commands for your web site, blog or API docs;['Tech'];0.0;62;Embed Curl;Embeddable curl commands for your web site, blog or API docs;https://www.embedcurl.com/?ref=producthunt;[];embedcurl.com
326;Coinbase Merchant;https://www.producthunt.com/products/coinbase-merchant;https://www.producthunt.com/leaderboard/daily/2013/12/30;Android POS app to let any store accept Bitcoin;['Tech'];0.0;70;Coinbase Merchant;Android POS app to let any store accept Bitcoin;https://play.google.com/store/apps/details?id=com.coinbase.android.merchant&ref=producthunt;[];play.google.com
327;Conference Badge  ;https://www.producthunt.com/products/conference-badge;https://www.producthunt.com/leaderboard/daily/2013/12/30;Name badges. Easy and fast.;['Tech'];1.0;96;Conference Badge  ;Name badges. Easy and fast.;https://www.conferencebadge.com/?ref=producthunt;[];conferencebadge.com
328;Musixmatch;https://www.producthunt.com/products/musixmatch;https://www.producthunt.com/leaderboard/daily/2013/12/30;The world's largest lyrics catalog;['Tech'];1.0;66;Musixmatch;Song Lyrics and Translations app;http://www.musixmatch.com/?ref=producthunt;[];musixmatch.com
329;MixBit;https://www.producthunt.com/products/mixbit;https://www.producthunt.com/leaderboard/daily/2013/12/30;Create dynamic videos together.;['Tech'];1.0;62;MixBit;Create dynamic videos together.;https://mixbit.com/?ref=producthunt;[];mixbit.com
330;BeFIT;https://www.producthunt.com/products/befit;https://www.producthunt.com/leaderboard/daily/2013/12/30;Track anything anywhere;['Tech'];5.0;55;BeFIT;Track anything anywhere;http://bespohk.com/befit?ref=producthunt;[];bespohk.com
331;Selz;https://www.producthunt.com/products/selz;https://www.producthunt.com/leaderboard/daily/2013/12/30;Seriously simple selling;['E-Commerce', 'Tech'];1.0;63;Selz;Seriously simple selling;https://selz.com/?ref=producthunt;[];selz.com
332;Flinto;https://www.producthunt.com/products/flinto;https://www.producthunt.com/leaderboard/daily/2013/12/31;Quickly Create iOS Prototypes;['Tech'];7.0;85;Flinto;Create Interactive Prototypes.;https://www.flinto.com/?ref=producthunt;['Wireframing', 'Interface design tools', 'Design mockups', 'UI frameworks'];flinto.com
333;Red Pen;https://www.producthunt.com/products/red-pen;https://www.producthunt.com/leaderboard/daily/2013/12/31;Effing Fast Feedback;['Tech'];8.0;96;Red Pen;Effing Fast Feedback;http://redpen.io/?ref=producthunt;[];redpen.io
334;Jukely;https://www.producthunt.com/products/jukely;https://www.producthunt.com/leaderboard/daily/2013/12/31;Matchmaker for concerts + friends;['Tech'];25.0;90;Jukely;See more live music for less;http://jukely.com/?ref=producthunt;[];jukely.com
335;CloudApp;https://www.producthunt.com/products/zight;https://www.producthunt.com/leaderboard/daily/2013/12/31;Great screenshot sharing tool;['Tech'];6.0;72;Zight;The fastest way to create and share visual messages;https://zight.com/?ref=producthunt;['Productivity', 'Screenshots and screen recording apps', 'Customer support tools'];zight.com
336;Limitless;https://www.producthunt.com/products/limitless;https://www.producthunt.com/leaderboard/daily/2013/12/31;A productivity companion for Chrome;['Tech'];9.0;95;Limitless;A productivity companion for Chrome;https://chrome.google.com/webstore/detail/limitless/jdpnljppdhjpafeaokemhcggofohekbp?ref=producthunt;[];chrome.google.com
337;Ecoute for iOS;https://www.producthunt.com/products/ecoute-for-ios;https://www.producthunt.com/leaderboard/daily/2013/12/31;Highlight your music;['Tech'];5.0;68;Ecoute for iOS;Highlight your music;http://pixiapps.com/ecouteios?ref=producthunt;[];pixiapps.com
338;Seven-minute workout;https://www.producthunt.com/products/seven-minute-workout;https://www.producthunt.com/leaderboard/daily/2013/12/31;Beautiful and simple. ;['Tech'];0.0;81;Seven-minute workout;Beautiful and simple. ;https://itunes.apple.com/us/app/7-minute-workout/id650762525?mt=8&ref=producthunt;[];itunes.apple.com
339;Flipagram;https://www.producthunt.com/products/flipagram;https://www.producthunt.com/leaderboard/daily/2013/12/31;Bring moments to life.;['Android', 'iOS', 'Photography'];3.0;78;Flipagram;Bring moments to life.;http://flipagram.com/?ref=producthunt;[];flipagram.com
340;Composite;https://www.producthunt.com/products/composite;https://www.producthunt.com/leaderboard/daily/2013/12/31;Make your photoshops prototypes interactive!;['Tech'];1.0;65;Composite;Make your photoshops prototypes interactive!;http://www.getcomposite.com/?ref=producthunt;[];getcomposite.com
341;Reppio;https://www.producthunt.com/products/reppio;https://www.producthunt.com/leaderboard/daily/2013/12/31;"""The Fancy"" for SMBs";['Tech'];0.0;55;Reppio;"""The Fancy"" for SMBs";http://www.reppio.com/?ref=producthunt;[];reppio.com
342;Flair;https://www.producthunt.com/products/flair;https://www.producthunt.com/leaderboard/daily/2013/12/31;Browse fashion districts and styles around the world;['Tech'];2.0;56;Flair;Browse fashion districts and styles around the world;http://flair-app.com/?ref=producthunt;[];flair-app.com
343;Twine;https://www.producthunt.com/products/twine-2;https://www.producthunt.com/leaderboard/daily/2013/12/31;Flirt Anonymously;['Tech'];3.0;61;Twine;Flirt Anonymously;http://twine.me/?ref=producthunt;[];twine.me
